,player_name,position,player_url,position_rank
0,Aaron Rodgers,QB,https://sports.yahoo.com/nfl/players/7200,5
1,Tom Brady,QB,https://sports.yahoo.com/nfl/players/5228,7
2,Drew Brees,QB,https://sports.yahoo.com/nfl/players/5479,9
3,Matthew Stafford,QB,https://sports.yahoo.com/nfl/players/9265,16
4,Cam Newton,QB,https://sports.yahoo.com/nfl/players/24788,18
5,Matt Ryan,QB,https://sports.yahoo.com/nfl/players/8780,41
6,Mike Vick,QB,https://sports.yahoo.com/nfl/players/5448,50
7,Eli Manning,QB,https://sports.yahoo.com/nfl/players/6760,52
8,Tony Romo,QB,https://sports.yahoo.com/nfl/players/6624,60
9,Peyton Manning,QB,https://sports.yahoo.com/nfl/players/4256,64
10,Philip Rivers,QB,https://sports.yahoo.com/nfl/players/6763,66
11,Robert Griffin III,QB,https://sports.yahoo.com/nfl/players/25712,74
12,Ben Roethlisberger,QB,https://sports.yahoo.com/nfl/players/6770,76
13,Jay Cutler,QB,https://sports.yahoo.com/nfl/players/7760,82
14,Andrew Luck,QB,https://sports.yahoo.com/nfl/players/25711,110
15,Jake Locker,QB,https://sports.yahoo.com/nfl/players/24795,116
16,Josh Freeman,QB,https://sports.yahoo.com/nfl/players/9281,119
17,Carson Palmer,QB,https://sports.yahoo.com/nfl/players/6337,122
18,Matt Schaub,QB,https://sports.yahoo.com/nfl/players/6849,126
19,Joe Flacco,QB,https://sports.yahoo.com/nfl/players/8795,134
20,Andy Dalton,QB,https://sports.yahoo.com/nfl/players/24822,137
21,Ryan Fitzpatrick,QB,https://sports.yahoo.com/nfl/players/7426,138
22,Alex Smith,QB,https://sports.yahoo.com/nfl/players/7177,178
23,Christian Ponder,QB,https://sports.yahoo.com/nfl/players/24799,186
24,Sam Bradford,QB,https://sports.yahoo.com/nfl/players/23976,187
0,Matt Cassel,QB,https://sports.yahoo.com/nfl/players/7406,198
1,Brandon Weeden,QB,https://sports.yahoo.com/nfl/players/25732,218
2,John Skelton,QB,https://sports.yahoo.com/nfl/players/24131,226
3,Matt Flynn,QB,https://sports.yahoo.com/nfl/players/8986,229
4,Mark Sanchez,QB,https://sports.yahoo.com/nfl/players/9269,230
5,Russell Wilson,QB,https://sports.yahoo.com/nfl/players/25785,245
6,Kevin Kolb,QB,https://sports.yahoo.com/nfl/players/8290,277
7,Colin Kaepernick,QB,https://sports.yahoo.com/nfl/players/24823,320
8,Nick Foles,QB,https://sports.yahoo.com/nfl/players/25798,1791
9,Chad Henne,QB,https://sports.yahoo.com/nfl/players/8834,1811
10,Ryan Tannehill,QB,https://sports.yahoo.com/nfl/players/25718,1817
11,Matt Hasselbeck,QB,https://sports.yahoo.com/nfl/players/4416,2397
12,Blaine Gabbert,QB,https://sports.yahoo.com/nfl/players/24797,2434
13,David Carr,QB,https://sports.yahoo.com/nfl/players/5887,2508
14,B.J. Coleman,QB,https://sports.yahoo.com/nfl/players/25953,2509
15,Rex Grossman,QB,https://sports.yahoo.com/nfl/players/6358,2510
16,Matt Simms,QB,https://sports.yahoo.com/nfl/players/26317,2511
17,Charlie Batch,QB,https://sports.yahoo.com/nfl/players/4319,2512
18,R.J. Archer,QB,https://sports.yahoo.com/nfl/players/24539,2513
19,Graham Harrell,QB,https://sports.yahoo.com/nfl/players/24727,2514
20,Tyler Thigpen,QB,https://sports.yahoo.com/nfl/players/8471,2515
21,Zac Robinson,QB,https://sports.yahoo.com/nfl/players/24226,2516
22,Austin Davis,QB,https://sports.yahoo.com/nfl/players/26346,2517
23,Matt Leinart,QB,https://sports.yahoo.com/nfl/players/7759,2518
24,Tom Brandstater,QB,https://sports.yahoo.com/nfl/players/9438,2519
0,Drew Stanton,QB,https://sports.yahoo.com/nfl/players/8297,2520
1,Charlie Whitehurst,QB,https://sports.yahoo.com/nfl/players/7830,2521
2,Josh Portis,QB,https://sports.yahoo.com/nfl/players/25100,2522
3,Dan Orlovsky,QB,https://sports.yahoo.com/nfl/players/7321,2523
4,Rusty Smith,QB,https://sports.yahoo.com/nfl/players/24152,2524
5,Jacory Harris,QB,https://sports.yahoo.com/nfl/players/26457,2525
6,Thad Lewis,QB,https://sports.yahoo.com/nfl/players/24311,2526
7,Ryan Mallett,QB,https://sports.yahoo.com/nfl/players/24861,2527
8,Dan LeFevour,QB,https://sports.yahoo.com/nfl/players/24157,2528
9,John Beck,QB,https://sports.yahoo.com/nfl/players/8294,2529
10,Kirk Cousins,QB,https://sports.yahoo.com/nfl/players/25812,2530
11,McLeod Bethel-Thompson,QB,https://sports.yahoo.com/nfl/players/25483,2531
12,Chris Redman,QB,https://sports.yahoo.com/nfl/players/5104,2532
13,Tarvaris Jackson,QB,https://sports.yahoo.com/nfl/players/7813,2533
14,Brett Ratliff,QB,https://sports.yahoo.com/nfl/players/8622,2534
15,Chester Stewart,QB,https://sports.yahoo.com/nfl/players/26517,2535
16,Dominique Davis,QB,https://sports.yahoo.com/nfl/players/26162,2536
17,Kevin O'Connell,QB,https://sports.yahoo.com/nfl/players/8871,2537
18,David Legree,QB,https://sports.yahoo.com/nfl/players/26526,2538
19,Matt Blanchard,QB,https://sports.yahoo.com/nfl/players/26463,2539
20,Zach Collaros,QB,https://sports.yahoo.com/nfl/players/26039,2540
21,Tyler Hansen,QB,https://sports.yahoo.com/nfl/players/26240,2541
22,Trent Edwards,QB,https://sports.yahoo.com/nfl/players/8346,2542
23,T.J. Yates,QB,https://sports.yahoo.com/nfl/players/24939,2543
24,Bruce Gradkowski,QB,https://sports.yahoo.com/nfl/players/7943,2544
0,John Brantley,QB,https://sports.yahoo.com/nfl/players/26439,2545
1,Ryan Perrilloux,QB,https://sports.yahoo.com/nfl/players/24489,2546
2,Colt McCoy,QB,https://sports.yahoo.com/nfl/players/24060,2547
3,Curtis Painter,QB,https://sports.yahoo.com/nfl/players/9465,2548
4,Kyle Boller,QB,https://sports.yahoo.com/nfl/players/6355,2549
5,Caleb Hanie,QB,https://sports.yahoo.com/nfl/players/9033,2550
6,Scott Tolzien,QB,https://sports.yahoo.com/nfl/players/25171,2551
7,Case Keenum,QB,https://sports.yahoo.com/nfl/players/26483,2552
8,Chandler Harnish,QB,https://sports.yahoo.com/nfl/players/25963,2553
9,John Parker Wilson,QB,https://sports.yahoo.com/nfl/players/9529,2554
10,Josh Johnson,QB,https://sports.yahoo.com/nfl/players/8937,2555
11,Greg McElroy,QB,https://sports.yahoo.com/nfl/players/24995,2556
12,Jordan Palmer,QB,https://sports.yahoo.com/nfl/players/8459,2557
13,Jerrod Johnson,QB,https://sports.yahoo.com/nfl/players/25046,2558
14,Adam Weber,QB,https://sports.yahoo.com/nfl/players/25195,2559
15,Luke McCown,QB,https://sports.yahoo.com/nfl/players/6865,2560
16,Alex Tanney,QB,https://sports.yahoo.com/nfl/players/26547,2561
17,Shaun Hill,QB,https://sports.yahoo.com/nfl/players/6169,2562
18,Seneca Wallace,QB,https://sports.yahoo.com/nfl/players/6446,2563
19,Mike Hartline,QB,https://sports.yahoo.com/nfl/players/25563,2564
20,Aaron Corp,QB,https://sports.yahoo.com/nfl/players/26123,2565
21,Kellen Clemens,QB,https://sports.yahoo.com/nfl/players/7798,2566
22,Vince Young,QB,https://sports.yahoo.com/nfl/players/7752,2567
23,Sage Rosenfels,QB,https://sports.yahoo.com/nfl/players/5557,2568
24,David Garrard,QB,https://sports.yahoo.com/nfl/players/5994,2569
0,Derek Anderson,QB,https://sports.yahoo.com/nfl/players/7389,2570
1,Stephen McGee,QB,https://sports.yahoo.com/nfl/players/9365,2571
2,Terrelle Pryor Sr.,QB,https://sports.yahoo.com/nfl/players/25681,2572
3,Josh McCown,QB,https://sports.yahoo.com/nfl/players/5967,2573
4,Jarrett Lee,QB,https://sports.yahoo.com/nfl/players/26195,2574
5,Richard Bartel,QB,https://sports.yahoo.com/nfl/players/8571,2575
6,Trevor Vittatoe,QB,https://sports.yahoo.com/nfl/players/25152,2576
7,Brian Hoyer,QB,https://sports.yahoo.com/nfl/players/9547,2577
8,Nick Stephens,QB,https://sports.yahoo.com/nfl/players/26025,2578
9,Chase Daniel,QB,https://sports.yahoo.com/nfl/players/9678,2579
10,Sean Canfield,QB,https://sports.yahoo.com/nfl/players/24214,2580
11,G.J. Kinne,QB,https://sports.yahoo.com/nfl/players/26154,2581
12,Kyle Orton,QB,https://sports.yahoo.com/nfl/players/7282,2582
13,Nathan Enderle,QB,https://sports.yahoo.com/nfl/players/24947,2583
14,Kellen Moore,QB,https://sports.yahoo.com/nfl/players/26399,2584
15,Mike Kafka,QB,https://sports.yahoo.com/nfl/players/24097,2585
16,Jonathan Crompton,QB,https://sports.yahoo.com/nfl/players/24144,2586
17,Matt Moore,QB,https://sports.yahoo.com/nfl/players/8544,2587
18,Joe Webb III,QB,https://sports.yahoo.com/nfl/players/24175,2588
19,Kyle Newhall-Caballero,QB,https://sports.yahoo.com/nfl/players/26528,2589
20,Troy Smith,QB,https://sports.yahoo.com/nfl/players/8428,2590
21,Rudy Carpenter,QB,https://sports.yahoo.com/nfl/players/9569,2591
22,Rhett Bomar,QB,https://sports.yahoo.com/nfl/players/9415,2592
23,Pat Devlin,QB,https://sports.yahoo.com/nfl/players/25323,2593
24,Nick Hill,QB,https://sports.yahoo.com/nfl/players/25698,2594
0,Byron Leftwich,QB,https://sports.yahoo.com/nfl/players/6343,2595
1,Jimmy Clausen,QB,https://sports.yahoo.com/nfl/players/24023,2596
2,Ricky Stanzi,QB,https://sports.yahoo.com/nfl/players/24922,2597
3,Brady Quinn,QB,https://sports.yahoo.com/nfl/players/8276,2598
4,Tyrod Taylor,QB,https://sports.yahoo.com/nfl/players/24967,2599
5,Jason Campbell,QB,https://sports.yahoo.com/nfl/players/7201,2600
6,Ryan Lindley,QB,https://sports.yahoo.com/nfl/players/25895,2601
7,Tim Tebow,QB,https://sports.yahoo.com/nfl/players/24000,2602
8,Brock Osweiler,QB,https://sports.yahoo.com/nfl/players/25767,2603
0,Calvin Johnson,WR,https://sports.yahoo.com/nfl/players/8256,4
1,Larry Fitzgerald,WR,https://sports.yahoo.com/nfl/players/6762,12
2,A.J. Green,WR,https://sports.yahoo.com/nfl/players/24791,15
3,Julio Jones,WR,https://sports.yahoo.com/nfl/players/24793,20
4,Victor Cruz,WR,https://sports.yahoo.com/nfl/players/24553,21
5,Roddy White,WR,https://sports.yahoo.com/nfl/players/7203,23
6,Brandon Marshall,WR,https://sports.yahoo.com/nfl/players/7868,25
7,Andre Johnson,WR,https://sports.yahoo.com/nfl/players/6339,27
8,Greg Jennings,WR,https://sports.yahoo.com/nfl/players/7801,29
9,Jordy Nelson,WR,https://sports.yahoo.com/nfl/players/8813,30
10,Hakeem Nicks,WR,https://sports.yahoo.com/nfl/players/9293,32
11,Percy Harvin,WR,https://sports.yahoo.com/nfl/players/9286,33
12,Wes Welker,WR,https://sports.yahoo.com/nfl/players/7027,34
13,Steve Smith Sr.,WR,https://sports.yahoo.com/nfl/players/5521,35
14,Mike Wallace,WR,https://sports.yahoo.com/nfl/players/9348,37
15,Jeremy Maclin,WR,https://sports.yahoo.com/nfl/players/9283,38
16,Marques Colston,WR,https://sports.yahoo.com/nfl/players/8001,39
17,Brandon Lloyd,WR,https://sports.yahoo.com/nfl/players/6460,42
18,Antonio Brown,WR,https://sports.yahoo.com/nfl/players/24171,44
19,Miles Austin,WR,https://sports.yahoo.com/nfl/players/8021,45
20,Eric Decker,WR,https://sports.yahoo.com/nfl/players/24062,51
21,Dez Bryant,WR,https://sports.yahoo.com/nfl/players/23999,53
22,Stevie Johnson,WR,https://sports.yahoo.com/nfl/players/9001,56
23,Demaryius Thomas,WR,https://sports.yahoo.com/nfl/players/23997,58
24,Dwayne Bowe,WR,https://sports.yahoo.com/nfl/players/8277,59
0,Vincent Jackson,WR,https://sports.yahoo.com/nfl/players/7237,67
1,DeSean Jackson,WR,https://sports.yahoo.com/nfl/players/8826,69
2,Pierre Garcon,WR,https://sports.yahoo.com/nfl/players/8982,70
3,Torrey Smith,WR,https://sports.yahoo.com/nfl/players/24845,77
4,Denarius Moore,WR,https://sports.yahoo.com/nfl/players/24935,78
5,Darrius Heyward-Bey,WR,https://sports.yahoo.com/nfl/players/9271,81
6,Reggie Wayne,WR,https://sports.yahoo.com/nfl/players/5477,83
7,Greg Little,WR,https://sports.yahoo.com/nfl/players/24846,89
8,Robert Meachem,WR,https://sports.yahoo.com/nfl/players/8281,93
9,Titus Young,WR,https://sports.yahoo.com/nfl/players/24831,95
10,Anquan Boldin,WR,https://sports.yahoo.com/nfl/players/6390,98
11,Mike Williams,WR,https://sports.yahoo.com/nfl/players/24076,100
12,Kenny Britt,WR,https://sports.yahoo.com/nfl/players/9294,101
13,Malcom Floyd,WR,https://sports.yahoo.com/nfl/players/7149,103
14,Santonio Holmes,WR,https://sports.yahoo.com/nfl/players/7774,104
15,Sidney Rice,WR,https://sports.yahoo.com/nfl/players/8298,109
16,Lance Moore,WR,https://sports.yahoo.com/nfl/players/7544,111
17,Justin Blackmon,WR,https://sports.yahoo.com/nfl/players/25715,117
18,Nate Washington,WR,https://sports.yahoo.com/nfl/players/7492,120
19,Randall Cobb,WR,https://sports.yahoo.com/nfl/players/24851,123
20,Santana Moss,WR,https://sports.yahoo.com/nfl/players/5463,128
21,Michael Crabtree,WR,https://sports.yahoo.com/nfl/players/9274,129
22,Kendall Wright,WR,https://sports.yahoo.com/nfl/players/25730,132
23,Randy Moss,WR,https://sports.yahoo.com/nfl/players/4262,135
24,Jon Baldwin,WR,https://sports.yahoo.com/nfl/players/24813,139
0,Austin Collie,WR,https://sports.yahoo.com/nfl/players/9391,140
1,Alshon Jeffery,WR,https://sports.yahoo.com/nfl/players/25755,143
2,Doug Baldwin,WR,https://sports.yahoo.com/nfl/players/25105,146
3,Danny Amendola,WR,https://sports.yahoo.com/nfl/players/9037,147
4,Nate Burleson,WR,https://sports.yahoo.com/nfl/players/6407,149
5,Laurent Robinson,WR,https://sports.yahoo.com/nfl/players/8329,150
6,Davone Bess,WR,https://sports.yahoo.com/nfl/players/9030,152
7,Brian Quick,WR,https://sports.yahoo.com/nfl/players/25743,156
8,Terrell Owens,WR,https://sports.yahoo.com/nfl/players/3664,157
9,Jerome Simpson,WR,https://sports.yahoo.com/nfl/players/8823,163
10,Mario Manningham,WR,https://sports.yahoo.com/nfl/players/8872,164
11,Vincent Brown,WR,https://sports.yahoo.com/nfl/players/24869,165
12,Michael Floyd,WR,https://sports.yahoo.com/nfl/players/25723,166
13,Rueben Randle,WR,https://sports.yahoo.com/nfl/players/25773,168
14,Eddie Royal,WR,https://sports.yahoo.com/nfl/players/8819,174
15,Emmanuel Sanders,WR,https://sports.yahoo.com/nfl/players/24057,175
16,Brandon LaFell,WR,https://sports.yahoo.com/nfl/players/24053,182
17,James Jones,WR,https://sports.yahoo.com/nfl/players/8332,183
18,Steve Smith,WR,https://sports.yahoo.com/nfl/players/8305,188
19,Stephen Hill,WR,https://sports.yahoo.com/nfl/players/25753,192
20,David Nelson,WR,https://sports.yahoo.com/nfl/players/24272,194
21,Devery Henderson,WR,https://sports.yahoo.com/nfl/players/6809,195
22,Brian Hartline,WR,https://sports.yahoo.com/nfl/players/9372,199
23,Josh Gordon,WR,https://sports.yahoo.com/nfl/players/26561,202
24,Golden Tate,WR,https://sports.yahoo.com/nfl/players/24035,203
0,Devin Hester,WR,https://sports.yahoo.com/nfl/players/7806,204
1,Jacoby Ford,WR,https://sports.yahoo.com/nfl/players/24083,211
2,Josh Morgan,WR,https://sports.yahoo.com/nfl/players/8951,216
3,Leonard Hankerson,WR,https://sports.yahoo.com/nfl/players/24866,217
4,Lestar Jean,WR,https://sports.yahoo.com/nfl/players/25525,223
5,Earl Bennett,WR,https://sports.yahoo.com/nfl/players/8847,225
6,Steve Breaston,WR,https://sports.yahoo.com/nfl/players/8396,231
7,Deion Branch,WR,https://sports.yahoo.com/nfl/players/5951,239
8,Danario Alexander,WR,https://sports.yahoo.com/nfl/players/24757,241
9,Cecil Shorts III,WR,https://sports.yahoo.com/nfl/players/24901,243
10,T.Y. Hilton,WR,https://sports.yahoo.com/nfl/players/25802,247
11,Mohamed Sanu,WR,https://sports.yahoo.com/nfl/players/25793,252
12,Andre Roberts,WR,https://sports.yahoo.com/nfl/players/24063,257
13,Brandon Gibson,WR,https://sports.yahoo.com/nfl/players/9458,268
14,Chris Givens,WR,https://sports.yahoo.com/nfl/players/25806,269
15,Jarius Wright,WR,https://sports.yahoo.com/nfl/players/25828,274
16,Ryan Broyles,WR,https://sports.yahoo.com/nfl/players/25764,276
17,Jeremy Kerley,WR,https://sports.yahoo.com/nfl/players/24940,278
18,Donnie Avery,WR,https://sports.yahoo.com/nfl/players/8810,279
19,Brandon Stokley,WR,https://sports.yahoo.com/nfl/players/4755,280
20,Andrew Hawkins,WR,https://sports.yahoo.com/nfl/players/24774,287
21,Kevin Ogletree,WR,https://sports.yahoo.com/nfl/players/9534,288
22,Donald Jones,WR,https://sports.yahoo.com/nfl/players/24270,290
23,Joseph Morgan,WR,https://sports.yahoo.com/nfl/players/25290,295
24,Julian Edelman,WR,https://sports.yahoo.com/nfl/players/9496,297
0,Rod Streater,WR,https://sports.yahoo.com/nfl/players/26428,299
1,Aldrick Robinson,WR,https://sports.yahoo.com/nfl/players/24965,303
2,Domenik Hixon,WR,https://sports.yahoo.com/nfl/players/7879,310
3,Jason Avant,WR,https://sports.yahoo.com/nfl/players/7858,1784
4,Kris Durham,WR,https://sports.yahoo.com/nfl/players/24894,1785
5,Armon Binns,WR,https://sports.yahoo.com/nfl/players/25107,1790
6,Riley Cooper,WR,https://sports.yahoo.com/nfl/players/24135,1799
7,Jacoby Jones,WR,https://sports.yahoo.com/nfl/players/8327,1802
8,Jordan Shipley,WR,https://sports.yahoo.com/nfl/players/24059,1803
9,Travis Benjamin,WR,https://sports.yahoo.com/nfl/players/25810,1804
10,Kevin Walter,WR,https://sports.yahoo.com/nfl/players/6591,1805
11,Tiquan Underwood,WR,https://sports.yahoo.com/nfl/players/9517,1807
12,Austin Pettis,WR,https://sports.yahoo.com/nfl/players/24865,1809
13,Marvin Jones Jr.,WR,https://sports.yahoo.com/nfl/players/25876,1810
14,Braylon Edwards,WR,https://sports.yahoo.com/nfl/players/7179,1816
15,Ramses Barden,WR,https://sports.yahoo.com/nfl/players/9349,1818
16,Dexter McCluster,WR,https://sports.yahoo.com/nfl/players/24011,1820
17,Michael Jenkins,WR,https://sports.yahoo.com/nfl/players/6788,1821
18,Brad Smith,WR,https://sports.yahoo.com/nfl/players/7852,1829
19,Juron Criner,WR,https://sports.yahoo.com/nfl/players/25878,1830
20,Chaz Schilens,WR,https://sports.yahoo.com/nfl/players/9003,1953
21,Harry Douglas,WR,https://sports.yahoo.com/nfl/players/8861,1956
22,Louis Murphy,WR,https://sports.yahoo.com/nfl/players/9388,1957
23,Nelson Rosario,WR,https://sports.yahoo.com/nfl/players/26091,1960
24,Andrew DePaola,WR,https://sports.yahoo.com/nfl/players/26583,1961
0,Maurice Stovall,WR,https://sports.yahoo.com/nfl/players/7839,1962
1,Micheal Spurlock,WR,https://sports.yahoo.com/nfl/players/8054,1970
2,Mohamed Massaquoi,WR,https://sports.yahoo.com/nfl/players/9314,1972
3,Juaquin Iglesias,WR,https://sports.yahoo.com/nfl/players/9363,1978
4,Brandyn Harvey,WR,https://sports.yahoo.com/nfl/players/24616,1979
5,Justin Helwege,WR,https://sports.yahoo.com/nfl/players/26533,1980
6,Lance Lewis,WR,https://sports.yahoo.com/nfl/players/26282,1981
7,Preston Parker,WR,https://sports.yahoo.com/nfl/players/24373,1982
8,Wes Kemp,WR,https://sports.yahoo.com/nfl/players/26100,1983
9,Derek Session,WR,https://sports.yahoo.com/nfl/players/26542,1984
10,Blair White,WR,https://sports.yahoo.com/nfl/players/24463,1985
11,Dan DePalma,WR,https://sports.yahoo.com/nfl/players/25297,1986
12,Michael Calvin,WR,https://sports.yahoo.com/nfl/players/26234,1987
13,Anthony Armstrong,WR,https://sports.yahoo.com/nfl/players/9077,1988
14,Armahd Lewis,WR,https://sports.yahoo.com/nfl/players/26525,1989
15,Cameron Kenney,WR,https://sports.yahoo.com/nfl/players/25164,1990
16,Patrick Turner,WR,https://sports.yahoo.com/nfl/players/9351,1991
17,Chris Forcier,WR,https://sports.yahoo.com/nfl/players/26336,1992
18,Jordan Norwood,WR,https://sports.yahoo.com/nfl/players/9705,1993
19,Lavasier Tuinei,WR,https://sports.yahoo.com/nfl/players/25996,1994
20,Chastin West,WR,https://sports.yahoo.com/nfl/players/24522,1995
21,Marcus Rivers,WR,https://sports.yahoo.com/nfl/players/26435,1996
22,Mark Dell,WR,https://sports.yahoo.com/nfl/players/25183,1997
23,Derek Moye,WR,https://sports.yahoo.com/nfl/players/26289,1998
24,Owen Spencer,WR,https://sports.yahoo.com/nfl/players/25516,1999
0,Junior Hemingway,WR,https://sports.yahoo.com/nfl/players/25948,2000
1,A.J. Love,WR,https://sports.yahoo.com/nfl/players/26549,2001
2,Nick Johnson,WR,https://sports.yahoo.com/nfl/players/26353,2002
3,Justin Hilton,WR,https://sports.yahoo.com/nfl/players/26241,2003
4,Carlton Mitchell,WR,https://sports.yahoo.com/nfl/players/24153,2004
5,Greg Childs,WR,https://sports.yahoo.com/nfl/players/25844,2005
6,Seyi Ajirotutu,WR,https://sports.yahoo.com/nfl/players/24435,2006
7,Griff Whalen,WR,https://sports.yahoo.com/nfl/players/26218,2007
8,Marcus Harris,WR,https://sports.yahoo.com/nfl/players/25493,2008
9,Jared Karstetter,WR,https://sports.yahoo.com/nfl/players/26388,2009
10,Cody Pearcy,WR,https://sports.yahoo.com/nfl/players/26176,2010
11,Greg Camarillo,WR,https://sports.yahoo.com/nfl/players/7657,2011
12,Brian Tyms,WR,https://sports.yahoo.com/nfl/players/26266,2012
13,B.J. Cunningham,WR,https://sports.yahoo.com/nfl/players/25893,2013
14,Jordan White,WR,https://sports.yahoo.com/nfl/players/25954,2014
15,McKay Jacobson,WR,https://sports.yahoo.com/nfl/players/26003,2015
16,Royce Adams,WR,https://sports.yahoo.com/nfl/players/25692,2016
17,Brandon Collins,WR,https://sports.yahoo.com/nfl/players/26476,2017
18,Gerell Robinson,WR,https://sports.yahoo.com/nfl/players/25984,2018
19,Josh Bellamy,WR,https://sports.yahoo.com/nfl/players/26108,2019
20,Sammie Stroughter,WR,https://sports.yahoo.com/nfl/players/9497,2020
21,Jermaine Saffold,WR,https://sports.yahoo.com/nfl/players/26376,2021
22,O.J. Murdock,WR,https://sports.yahoo.com/nfl/players/25143,2022
23,Michael Avila,WR,https://sports.yahoo.com/nfl/players/26551,2023
24,Taylor Embree,WR,https://sports.yahoo.com/nfl/players/26189,2024
0,Greg Orton,WR,https://sports.yahoo.com/nfl/players/25677,2025
1,Raymond Radway,WR,https://sports.yahoo.com/nfl/players/25440,2026
2,DeMarco Sampson,WR,https://sports.yahoo.com/nfl/players/25036,2027
3,Derek Carrier,WR,https://sports.yahoo.com/nfl/players/26416,2028
4,Brenton Bersin,WR,https://sports.yahoo.com/nfl/players/26096,2029
5,Rod Windsor,WR,https://sports.yahoo.com/nfl/players/24761,2030
6,Anthony Gonzalez,WR,https://sports.yahoo.com/nfl/players/8286,2031
7,Rashied Davis,WR,https://sports.yahoo.com/nfl/players/7445,2032
8,Troy Burrell,WR,https://sports.yahoo.com/nfl/players/26382,2033
9,Chris Summers,WR,https://sports.yahoo.com/nfl/players/25973,2034
10,Kris Adams,WR,https://sports.yahoo.com/nfl/players/25146,2035
11,Kashif Moore,WR,https://sports.yahoo.com/nfl/players/26245,2036
12,David Douglas,WR,https://sports.yahoo.com/nfl/players/26404,2037
13,Andre Caldwell,WR,https://sports.yahoo.com/nfl/players/8874,2038
14,Duke Calhoun,WR,https://sports.yahoo.com/nfl/players/24552,2039
15,Curenski Gilleylen,WR,https://sports.yahoo.com/nfl/players/26481,2040
16,Jason Hill,WR,https://sports.yahoo.com/nfl/players/8330,2041
17,Devin Goda,WR,https://sports.yahoo.com/nfl/players/26445,2042
18,James Kirkendoll,WR,https://sports.yahoo.com/nfl/players/25141,2043
19,DeAundre Muhammad,WR,https://sports.yahoo.com/nfl/players/26574,2044
20,Marcus Jackson,WR,https://sports.yahoo.com/nfl/players/26170,2045
21,Andre Holmes,WR,https://sports.yahoo.com/nfl/players/25234,2046
22,Malcolm Beyah,WR,https://sports.yahoo.com/nfl/players/26014,2047
23,Rico Wallace,WR,https://sports.yahoo.com/nfl/players/26107,2048
24,John Matthews,WR,https://sports.yahoo.com/nfl/players/9685,2049
0,DaMarcus Ganaway,WR,https://sports.yahoo.com/nfl/players/25696,2050
1,Anthony Jones,WR,https://sports.yahoo.com/nfl/players/26565,2051
2,LaRon Byrd,WR,https://sports.yahoo.com/nfl/players/26135,2052
3,Dexter Jackson,WR,https://sports.yahoo.com/nfl/players/8835,2053
4,Jimmy Young,WR,https://sports.yahoo.com/nfl/players/25087,2054
5,Juamorris Stewart,WR,https://sports.yahoo.com/nfl/players/24621,2055
6,Teddy Williams,WR,https://sports.yahoo.com/nfl/players/24746,2056
7,Vidal Hazelton,WR,https://sports.yahoo.com/nfl/players/25163,2057
8,Wallace Wright,WR,https://sports.yahoo.com/nfl/players/8134,2058
9,Nathan Palmer,WR,https://sports.yahoo.com/nfl/players/26262,2059
10,Johnny Knox,WR,https://sports.yahoo.com/nfl/players/9404,2060
11,Tray Session,WR,https://sports.yahoo.com/nfl/players/26513,2061
12,Zeke Markshausen,WR,https://sports.yahoo.com/nfl/players/24750,2062
13,Joe Hastings,WR,https://sports.yahoo.com/nfl/players/25221,2063
14,Phil Bates,WR,https://sports.yahoo.com/nfl/players/25988,2064
15,Lance Long,WR,https://sports.yahoo.com/nfl/players/9140,2065
16,Nick Toon,WR,https://sports.yahoo.com/nfl/players/25832,2066
17,Darvin Adams,WR,https://sports.yahoo.com/nfl/players/25414,2067
18,Charles Gilbert,WR,https://sports.yahoo.com/nfl/players/26558,2068
19,Terriun Crump,WR,https://sports.yahoo.com/nfl/players/25969,2069
20,Jabar Gaffney,WR,https://sports.yahoo.com/nfl/players/5919,2070
21,Roberto Wallace,WR,https://sports.yahoo.com/nfl/players/24285,2071
22,Landon Cox,WR,https://sports.yahoo.com/nfl/players/25451,2072
23,Patrick Williams,WR,https://sports.yahoo.com/nfl/players/9721,2073
24,Dominique Curry,WR,https://sports.yahoo.com/nfl/players/24668,2074
0,Kamar Aiken,WR,https://sports.yahoo.com/nfl/players/25379,2075
1,Chad Johnson,WR,https://sports.yahoo.com/nfl/players/5483,2076
2,Jeremy Ross,WR,https://sports.yahoo.com/nfl/players/25312,2077
3,Devin Thomas,WR,https://sports.yahoo.com/nfl/players/8811,2078
4,Stanley Arukwe,WR,https://sports.yahoo.com/nfl/players/26133,2079
5,Darnell Williams,WR,https://sports.yahoo.com/nfl/players/26010,2080
6,Ronald Johnson,WR,https://sports.yahoo.com/nfl/players/24969,2081
7,Derrick Williams,WR,https://sports.yahoo.com/nfl/players/9346,2082
8,Chase Deadder,WR,https://sports.yahoo.com/nfl/players/26019,2083
9,Greg Salas,WR,https://sports.yahoo.com/nfl/players/24899,2084
10,Marc Wilson,WR,https://sports.yahoo.com/nfl/players/26149,2085
11,Logan Payne,WR,https://sports.yahoo.com/nfl/players/8678,2086
12,Andy Brewer,WR,https://sports.yahoo.com/nfl/players/26577,2087
13,Tori Gurley,WR,https://sports.yahoo.com/nfl/players/25464,2088
14,Kevin Hardy,WR,https://sports.yahoo.com/nfl/players/26035,2089
15,Mario Louis,WR,https://sports.yahoo.com/nfl/players/26291,2090
16,Antonio Bryant,WR,https://sports.yahoo.com/nfl/players/5949,2091
17,Bryan Walters,WR,https://sports.yahoo.com/nfl/players/24436,2092
18,Tyler Shoemaker,WR,https://sports.yahoo.com/nfl/players/26048,2093
19,Paul Cox,WR,https://sports.yahoo.com/nfl/players/26188,2094
20,Jamel Hamler,WR,https://sports.yahoo.com/nfl/players/25188,2095
21,Connor Dixon,WR,https://sports.yahoo.com/nfl/players/26221,2096
22,Kevin Cone,WR,https://sports.yahoo.com/nfl/players/25658,2097
23,Elvis Akpla,WR,https://sports.yahoo.com/nfl/players/25998,2098
24,Isaiah Williams,WR,https://sports.yahoo.com/nfl/players/24696,2099
0,LaQuinton Evans,WR,https://sports.yahoo.com/nfl/players/26022,2100
1,Stephen Williams,WR,https://sports.yahoo.com/nfl/players/24289,2101
2,Deon Butler,WR,https://sports.yahoo.com/nfl/players/9355,2102
3,Chris Hogan,WR,https://sports.yahoo.com/nfl/players/25178,2103
4,D'Andre Goodwin,WR,https://sports.yahoo.com/nfl/players/25186,2104
5,Jeff Maehl,WR,https://sports.yahoo.com/nfl/players/25526,2105
6,Rodney Bradley,WR,https://sports.yahoo.com/nfl/players/25357,2106
7,Jared Green,WR,https://sports.yahoo.com/nfl/players/26099,2107
8,Mike Williams,WR,https://sports.yahoo.com/nfl/players/7186,2108
9,Brandon Kinnie,WR,https://sports.yahoo.com/nfl/players/26119,2109
10,James Rodgers,WR,https://sports.yahoo.com/nfl/players/26178,2110
11,Taveon Rogers,WR,https://sports.yahoo.com/nfl/players/26246,2111
12,Brian Robiskie,WR,https://sports.yahoo.com/nfl/players/9300,2112
13,Lamont Bryant,WR,https://sports.yahoo.com/nfl/players/26552,2113
14,Matt Roark,WR,https://sports.yahoo.com/nfl/players/26395,2114
15,Aaron Pflugrad,WR,https://sports.yahoo.com/nfl/players/26005,2115
16,Luther Ambrose,WR,https://sports.yahoo.com/nfl/players/26036,2116
17,David Little,WR,https://sports.yahoo.com/nfl/players/26584,2117
18,T.J. Houshmandzadeh,WR,https://sports.yahoo.com/nfl/players/5652,2118
19,Gino Crump,WR,https://sports.yahoo.com/nfl/players/26539,2119
20,Danny Coale,WR,https://sports.yahoo.com/nfl/players/25862,2120
21,Ricardo Lockette,WR,https://sports.yahoo.com/nfl/players/25106,2121
22,Donavon Kemp,WR,https://sports.yahoo.com/nfl/players/26069,2122
23,Jarred Fayson,WR,https://sports.yahoo.com/nfl/players/25279,2123
24,David Gilreath,WR,https://sports.yahoo.com/nfl/players/25562,2124
0,A.J. Jenkins,WR,https://sports.yahoo.com/nfl/players/25740,2125
1,Ed Gant,WR,https://sports.yahoo.com/nfl/players/9631,2126
2,Tim Toone,WR,https://sports.yahoo.com/nfl/players/24231,2127
3,Julian Talley,WR,https://sports.yahoo.com/nfl/players/26403,2128
4,Brian Hernandez,WR,https://sports.yahoo.com/nfl/players/26319,2129
5,Scotty McKnight,WR,https://sports.yahoo.com/nfl/players/25014,2130
6,Aaron Weaver,WR,https://sports.yahoo.com/nfl/players/26527,2131
7,Brandon Carswell,WR,https://sports.yahoo.com/nfl/players/26418,2132
8,Bert Reed,WR,https://sports.yahoo.com/nfl/players/26375,2133
9,David Gettis,WR,https://sports.yahoo.com/nfl/players/24174,2134
10,Kerry Meier,WR,https://sports.yahoo.com/nfl/players/24141,2135
11,Jerrell Jackson,WR,https://sports.yahoo.com/nfl/players/26292,2136
12,Diondre Borel,WR,https://sports.yahoo.com/nfl/players/25458,2137
13,Brittan Golden,WR,https://sports.yahoo.com/nfl/players/25970,2138
14,Brett Swain,WR,https://sports.yahoo.com/nfl/players/8994,2139
15,Kamar Jorden,WR,https://sports.yahoo.com/nfl/players/26304,2140
16,Tre Gray,WR,https://sports.yahoo.com/nfl/players/26141,2141
17,Donte' Stallworth,WR,https://sports.yahoo.com/nfl/players/5899,2142
18,Mike Brown,WR,https://sports.yahoo.com/nfl/players/26335,2143
19,Chris Manno,WR,https://sports.yahoo.com/nfl/players/25644,2144
20,Kerry Taylor,WR,https://sports.yahoo.com/nfl/players/25479,2145
21,Taylor Price,WR,https://sports.yahoo.com/nfl/players/24065,2146
22,Demetrius Williams,WR,https://sports.yahoo.com/nfl/players/7860,2147
23,Marc Mariani,WR,https://sports.yahoo.com/nfl/players/24198,2148
24,Derrick Woods,WR,https://sports.yahoo.com/nfl/players/26032,2149
0,Hubert Anyiam,WR,https://sports.yahoo.com/nfl/players/26182,2150
1,Jeff Fuller,WR,https://sports.yahoo.com/nfl/players/26272,2151
2,Naaman Roosevelt,WR,https://sports.yahoo.com/nfl/players/24273,2152
3,Tyler Grisham,WR,https://sports.yahoo.com/nfl/players/9672,2153
4,D.J. Woods,WR,https://sports.yahoo.com/nfl/players/26316,2154
5,Mike Willie,WR,https://sports.yahoo.com/nfl/players/26202,2155
6,Marquis Maze,WR,https://sports.yahoo.com/nfl/players/26226,2156
7,Thomas Mayo,WR,https://sports.yahoo.com/nfl/players/26425,2157
8,Dezmon Briscoe,WR,https://sports.yahoo.com/nfl/players/24167,2158
9,Britt Davis,WR,https://sports.yahoo.com/nfl/players/9734,2159
10,Adrian Arrington,WR,https://sports.yahoo.com/nfl/players/9014,2160
11,Devin Aguilar,WR,https://sports.yahoo.com/nfl/players/26011,2161
12,Tim Benford,WR,https://sports.yahoo.com/nfl/players/26061,2162
13,Julius Pruitt,WR,https://sports.yahoo.com/nfl/players/9682,2163
14,Wallace Miles,WR,https://sports.yahoo.com/nfl/players/26521,2164
15,David Clowney,WR,https://sports.yahoo.com/nfl/players/8411,2165
16,Phillip Payne,WR,https://sports.yahoo.com/nfl/players/26199,2166
17,Kenny Stafford,WR,https://sports.yahoo.com/nfl/players/26461,2167
18,Greg Ellingson,WR,https://sports.yahoo.com/nfl/players/25112,2168
19,Jeremy Ebert,WR,https://sports.yahoo.com/nfl/players/25945,2169
20,Jarett Dillard,WR,https://sports.yahoo.com/nfl/players/9408,2170
21,Nate Hughes,WR,https://sports.yahoo.com/nfl/players/9220,2171
22,Tommy Streeter,WR,https://sports.yahoo.com/nfl/players/25908,2172
23,Chad Hall,WR,https://sports.yahoo.com/nfl/players/23966,2173
24,Tyler Beiler,WR,https://sports.yahoo.com/nfl/players/25218,2174
0,Eric Page,WR,https://sports.yahoo.com/nfl/players/25987,2175
1,Eddie McGee,WR,https://sports.yahoo.com/nfl/players/25410,2176
2,Chris Owusu,WR,https://sports.yahoo.com/nfl/players/26261,2177
3,Marques Clark,WR,https://sports.yahoo.com/nfl/players/26567,2178
4,Phillip Livas,WR,https://sports.yahoo.com/nfl/players/25322,2179
5,Michael Campbell,WR,https://sports.yahoo.com/nfl/players/25296,2180
6,Dorian Graham,WR,https://sports.yahoo.com/nfl/players/26446,2181
7,Michael Preston,WR,https://sports.yahoo.com/nfl/players/25144,2182
8,Emmanuel Arceneaux,WR,https://sports.yahoo.com/nfl/players/24779,2183
9,Joseph Collins,WR,https://sports.yahoo.com/nfl/players/26587,2184
10,Darius Hanks,WR,https://sports.yahoo.com/nfl/players/26278,2185
11,Isaiah Stanback,WR,https://sports.yahoo.com/nfl/players/8357,2186
12,Chris Givens,WR,https://sports.yahoo.com/nfl/players/26033,2187
13,Eron Riley,WR,https://sports.yahoo.com/nfl/players/9662,2188
14,Marcus Easley,WR,https://sports.yahoo.com/nfl/players/24082,2189
15,Legedu Naanee,WR,https://sports.yahoo.com/nfl/players/8426,2190
16,Dale Moss,WR,https://sports.yahoo.com/nfl/players/26433,2191
17,Jason Barnes,WR,https://sports.yahoo.com/nfl/players/26183,2192
18,Shaky Smithson,WR,https://sports.yahoo.com/nfl/players/25477,2193
19,Jaymar Johnson,WR,https://sports.yahoo.com/nfl/players/8970,2194
20,Dwight Jones,WR,https://sports.yahoo.com/nfl/players/26293,2195
21,Plaxico Burress,WR,https://sports.yahoo.com/nfl/players/5037,2196
22,Bryant Johnson,WR,https://sports.yahoo.com/nfl/players/6353,2197
23,Raymond Webber,WR,https://sports.yahoo.com/nfl/players/25123,2198
24,Samuel Kirkland,WR,https://sports.yahoo.com/nfl/players/26321,2199
0,Jabin Sambrano,WR,https://sports.yahoo.com/nfl/players/26216,2200
1,Saalim Hakim,WR,https://sports.yahoo.com/nfl/players/26066,2201
2,Lee Evans,WR,https://sports.yahoo.com/nfl/players/6772,2202
3,Joe Anderson,WR,https://sports.yahoo.com/nfl/players/26464,2203
4,Terrence Austin,WR,https://sports.yahoo.com/nfl/players/24195,2204
5,Dane Sanzenbacher,WR,https://sports.yahoo.com/nfl/players/25151,2205
6,Royce Pollard,WR,https://sports.yahoo.com/nfl/players/26363,2206
7,Max Komar,WR,https://sports.yahoo.com/nfl/players/24288,2207
8,Terrence Toliver,WR,https://sports.yahoo.com/nfl/players/25530,2208
9,Andy Tanner,WR,https://sports.yahoo.com/nfl/players/24701,2209
10,Jesse Holley,WR,https://sports.yahoo.com/nfl/players/8693,2210
11,Quan Cosby,WR,https://sports.yahoo.com/nfl/players/9530,2211
12,Titus Ryan,WR,https://sports.yahoo.com/nfl/players/8705,2212
13,Marvin McNutt,WR,https://sports.yahoo.com/nfl/players/25904,2213
14,Patrick Edwards,WR,https://sports.yahoo.com/nfl/players/26385,2214
15,Jeremy Horne,WR,https://sports.yahoo.com/nfl/players/24238,2215
16,Kyle Williams,WR,https://sports.yahoo.com/nfl/players/24182,2216
17,Derek Hagan,WR,https://sports.yahoo.com/nfl/players/7831,2346
18,TJ Graham,WR,https://sports.yahoo.com/nfl/players/25779,2348
19,Rishard Matthews,WR,https://sports.yahoo.com/nfl/players/25937,2349
20,Damian Williams,WR,https://sports.yahoo.com/nfl/players/24052,2351
21,Donald Driver,WR,https://sports.yahoo.com/nfl/players/4863,2353
22,Dwayne Harris,WR,https://sports.yahoo.com/nfl/players/24963,2355
23,Clyde Gates,WR,https://sports.yahoo.com/nfl/players/24898,2359
24,Niles Paul,WR,https://sports.yahoo.com/nfl/players/24942,2363
0,Josh Cooper,WR,https://sports.yahoo.com/nfl/players/26368,2367
1,Damaris Johnson,WR,https://sports.yahoo.com/nfl/players/26004,2372
2,Tandon Doss,WR,https://sports.yahoo.com/nfl/players/24910,2375
3,Early Doucet,WR,https://sports.yahoo.com/nfl/players/8858,2377
4,LaVon Brazill,WR,https://sports.yahoo.com/nfl/players/25916,2380
5,Jerricho Cotchery,WR,https://sports.yahoo.com/nfl/players/6867,2381
6,Devin Aromashodu,WR,https://sports.yahoo.com/nfl/players/7982,2394
7,David Reed,WR,https://sports.yahoo.com/nfl/players/24132,2395
8,Dorin Dickerson,WR,https://sports.yahoo.com/nfl/players/24203,2396
9,Mike Thomas,WR,https://sports.yahoo.com/nfl/players/9371,2398
10,Cole Beasley,WR,https://sports.yahoo.com/nfl/players/26060,2400
11,Stephen Burton,WR,https://sports.yahoo.com/nfl/players/25023,2401
12,Brandon Tate,WR,https://sports.yahoo.com/nfl/players/9347,2403
13,Kevin Elliott,WR,https://sports.yahoo.com/nfl/players/26087,2404
14,Marlon Moore,WR,https://sports.yahoo.com/nfl/players/24280,2406
15,Darius Reynaud,WR,https://sports.yahoo.com/nfl/players/9161,2431
16,Kealoha Pilares,WR,https://sports.yahoo.com/nfl/players/24919,2432
17,Drew Davis,WR,https://sports.yahoo.com/nfl/players/25324,2435
18,Keshawn Martin,WR,https://sports.yahoo.com/nfl/players/25831,2438
19,Jamar Newsome,WR,https://sports.yahoo.com/nfl/players/25127,2447
20,Armanti Edwards,WR,https://sports.yahoo.com/nfl/players/24064,2448
21,Ben Obomanu,WR,https://sports.yahoo.com/nfl/players/7998,2451
22,Devon Wylie,WR,https://sports.yahoo.com/nfl/players/25817,2457
23,Charly Martin,WR,https://sports.yahoo.com/nfl/players/9695,2458
24,DeVier Posey,WR,https://sports.yahoo.com/nfl/players/25778,2459
0,Toney Clemons,WR,https://sports.yahoo.com/nfl/players/25941,2461
1,Terrance Copper,WR,https://sports.yahoo.com/nfl/players/7109,2465
2,Lavelle Hawkins,WR,https://sports.yahoo.com/nfl/players/8914,2466
3,Trindon Holliday,WR,https://sports.yahoo.com/nfl/players/24173,2469
4,Ryan Whalen,WR,https://sports.yahoo.com/nfl/players/24954,2471
5,Matt Willis,WR,https://sports.yahoo.com/nfl/players/8627,2472
6,Jermaine Kearse,WR,https://sports.yahoo.com/nfl/players/25991,2476
7,Arrelious Benn,WR,https://sports.yahoo.com/nfl/players/24014,2477
8,Deonte Thompson,WR,https://sports.yahoo.com/nfl/players/26456,2478
9,Ruvell Martin,WR,https://sports.yahoo.com/nfl/players/7599,2479
10,Brandon Banks,WR,https://sports.yahoo.com/nfl/players/24709,2483
11,Jerrel Jernigan,WR,https://sports.yahoo.com/nfl/players/24870,2484
12,Jarrett Boykin,WR,https://sports.yahoo.com/nfl/players/26083,2485
13,Mardy Gilyard,WR,https://sports.yahoo.com/nfl/players/24074,2487
14,Josh Cribbs,WR,https://sports.yahoo.com/nfl/players/7448,2489
15,Eric Weems,WR,https://sports.yahoo.com/nfl/players/8609,2490
16,Courtney Roby,WR,https://sports.yahoo.com/nfl/players/7244,2494
17,Richard Goodman,WR,https://sports.yahoo.com/nfl/players/24491,2497
18,LaQuan Williams,WR,https://sports.yahoo.com/nfl/players/25375,2498
19,Matt Slater,WR,https://sports.yahoo.com/nfl/players/8930,2499
20,Roscoe Parrish,WR,https://sports.yahoo.com/nfl/players/7231,2500
21,Kassim Osgood,WR,https://sports.yahoo.com/nfl/players/6664,2501
22,Stefan Logan,WR,https://sports.yahoo.com/nfl/players/9559,2502
23,Ted Ginn Jr.,WR,https://sports.yahoo.com/nfl/players/8263,2504
24,Joe Adams,WR,https://sports.yahoo.com/nfl/players/25814,2507
0,Arian Foster,RB,https://sports.yahoo.com/nfl/players/9527,1
1,Ray Rice,RB,https://sports.yahoo.com/nfl/players/8832,2
2,LeSean McCoy,RB,https://sports.yahoo.com/nfl/players/9317,3
3,Darren McFadden,RB,https://sports.yahoo.com/nfl/players/8781,6
4,Chris Johnson,RB,https://sports.yahoo.com/nfl/players/8801,8
5,Matt Forte,RB,https://sports.yahoo.com/nfl/players/8821,10
6,Marshawn Lynch,RB,https://sports.yahoo.com/nfl/players/8266,14
7,Jamaal Charles,RB,https://sports.yahoo.com/nfl/players/8850,17
8,DeMarco Murray,RB,https://sports.yahoo.com/nfl/players/24858,19
9,Ryan Mathews,RB,https://sports.yahoo.com/nfl/players/23987,22
10,Maurice Jones-Drew,RB,https://sports.yahoo.com/nfl/players/7809,24
11,Trent Richardson,RB,https://sports.yahoo.com/nfl/players/25713,26
12,Steven Jackson,RB,https://sports.yahoo.com/nfl/players/6783,28
13,Adrian Peterson,RB,https://sports.yahoo.com/nfl/players/8261,31
14,Fred Jackson,RB,https://sports.yahoo.com/nfl/players/8063,36
15,Doug Martin,RB,https://sports.yahoo.com/nfl/players/25741,40
16,Reggie Bush,RB,https://sports.yahoo.com/nfl/players/7751,43
17,Michael Turner,RB,https://sports.yahoo.com/nfl/players/6913,46
18,Ahmad Bradshaw,RB,https://sports.yahoo.com/nfl/players/8504,47
19,Darren Sproles,RB,https://sports.yahoo.com/nfl/players/7306,48
20,Frank Gore,RB,https://sports.yahoo.com/nfl/players/7241,57
21,Jonathan Stewart,RB,https://sports.yahoo.com/nfl/players/8790,61
22,Peyton Hillis,RB,https://sports.yahoo.com/nfl/players/9004,62
23,Willis McGahee,RB,https://sports.yahoo.com/nfl/players/6359,63
24,Donald Brown,RB,https://sports.yahoo.com/nfl/players/9291,71
0,Shonn Greene,RB,https://sports.yahoo.com/nfl/players/9329,72
1,BenJarvus Green-Ellis,RB,https://sports.yahoo.com/nfl/players/9039,73
2,Kevin Smith,RB,https://sports.yahoo.com/nfl/players/8841,75
3,Stevan Ridley,RB,https://sports.yahoo.com/nfl/players/24860,79
4,DeAngelo Williams,RB,https://sports.yahoo.com/nfl/players/7776,80
5,Jacquizz Rodgers,RB,https://sports.yahoo.com/nfl/players/24932,84
6,Rashad Jennings,RB,https://sports.yahoo.com/nfl/players/9514,85
7,C.J. Spiller,RB,https://sports.yahoo.com/nfl/players/23984,86
8,Ryan Williams,RB,https://sports.yahoo.com/nfl/players/24825,87
9,Beanie Wells,RB,https://sports.yahoo.com/nfl/players/9295,88
10,Evan Royster,RB,https://sports.yahoo.com/nfl/players/24964,90
11,Ben Tate,RB,https://sports.yahoo.com/nfl/players/24033,91
12,Mark Ingram II,RB,https://sports.yahoo.com/nfl/players/24815,94
13,Toby Gerhart,RB,https://sports.yahoo.com/nfl/players/24026,97
14,Isaac Redman,RB,https://sports.yahoo.com/nfl/players/9674,99
15,David Wilson,RB,https://sports.yahoo.com/nfl/players/25742,102
16,Pierre Thomas,RB,https://sports.yahoo.com/nfl/players/8561,107
17,Michael Bush,RB,https://sports.yahoo.com/nfl/players/8354,108
18,Roy Helu Jr.,RB,https://sports.yahoo.com/nfl/players/24892,113
19,Cedric Benson,RB,https://sports.yahoo.com/nfl/players/7180,115
20,Mikel Leshoure,RB,https://sports.yahoo.com/nfl/players/24844,118
21,Shane Vereen,RB,https://sports.yahoo.com/nfl/players/24843,124
22,Rashard Mendenhall,RB,https://sports.yahoo.com/nfl/players/8800,130
23,Ronnie Hillman,RB,https://sports.yahoo.com/nfl/players/25777,131
24,Isaiah Pead,RB,https://sports.yahoo.com/nfl/players/25760,136
0,LeGarrette Blount,RB,https://sports.yahoo.com/nfl/players/24318,141
1,James Starks,RB,https://sports.yahoo.com/nfl/players/24169,144
2,Felix Jones,RB,https://sports.yahoo.com/nfl/players/8799,145
3,Alex Green,RB,https://sports.yahoo.com/nfl/players/24883,148
4,Ronnie Brown,RB,https://sports.yahoo.com/nfl/players/7178,153
5,Bernard Scott,RB,https://sports.yahoo.com/nfl/players/9473,154
6,Jahvid Best,RB,https://sports.yahoo.com/nfl/players/24005,155
7,Daniel Thomas,RB,https://sports.yahoo.com/nfl/players/24849,159
8,Montario Hardesty,RB,https://sports.yahoo.com/nfl/players/24034,161
9,Tim Hightower,RB,https://sports.yahoo.com/nfl/players/8926,169
10,Mike Tolbert,RB,https://sports.yahoo.com/nfl/players/9043,171
11,Jonathan Dwyer,RB,https://sports.yahoo.com/nfl/players/24164,173
12,Kendall Hunter,RB,https://sports.yahoo.com/nfl/players/24902,176
13,Robert Turbin,RB,https://sports.yahoo.com/nfl/players/25816,179
14,Mike Goodson,RB,https://sports.yahoo.com/nfl/players/9375,180
15,LaMichael James,RB,https://sports.yahoo.com/nfl/players/25771,190
16,Bilal Powell,RB,https://sports.yahoo.com/nfl/players/24913,196
17,Delone Carter,RB,https://sports.yahoo.com/nfl/players/24906,197
18,Taiwan Jones,RB,https://sports.yahoo.com/nfl/players/24912,200
19,Brandon Jacobs,RB,https://sports.yahoo.com/nfl/players/7286,201
20,Joseph Addai,RB,https://sports.yahoo.com/nfl/players/7779,213
21,Joe McKnight,RB,https://sports.yahoo.com/nfl/players/24087,222
22,Bernard Pierce,RB,https://sports.yahoo.com/nfl/players/25794,228
23,Alfred Morris,RB,https://sports.yahoo.com/nfl/players/25883,240
24,Knowshon Moreno,RB,https://sports.yahoo.com/nfl/players/9276,242
0,Andre Brown,RB,https://sports.yahoo.com/nfl/players/9393,244
1,Danny Woodhead,RB,https://sports.yahoo.com/nfl/players/9560,255
2,DuJuan Harris,RB,https://sports.yahoo.com/nfl/players/25117,258
3,Vick Ballard,RB,https://sports.yahoo.com/nfl/players/25880,262
4,Joique Bell,RB,https://sports.yahoo.com/nfl/players/24262,272
5,Chris Ivory,RB,https://sports.yahoo.com/nfl/players/24400,286
6,Marcel Reece,RB,https://sports.yahoo.com/nfl/players/9158,302
7,Ryan Grant,RB,https://sports.yahoo.com/nfl/players/7635,314
8,LaRod Stephens-Howling,RB,https://sports.yahoo.com/nfl/players/9504,327
9,Bryce Brown,RB,https://sports.yahoo.com/nfl/players/25939,329
10,Brandon Bolden,RB,https://sports.yahoo.com/nfl/players/26389,1794
11,Montell Owens,RB,https://sports.yahoo.com/nfl/players/8040,1796
12,Jackie Battle,RB,https://sports.yahoo.com/nfl/players/8739,1798
13,Jeremy Stewart,RB,https://sports.yahoo.com/nfl/players/26007,1806
14,Charles Clay,RB,https://sports.yahoo.com/nfl/players/24961,1808
15,Lamar Miller,RB,https://sports.yahoo.com/nfl/players/25807,1812
16,Daryl Richardson,RB,https://sports.yahoo.com/nfl/players/25962,1815
17,Cedric Peerman,RB,https://sports.yahoo.com/nfl/players/9449,1819
18,Dexter McCluster,RB,https://sports.yahoo.com/nfl/players/24011,1820
19,James Casey,RB,https://sports.yahoo.com/nfl/players/9416,1954
20,Justin Forsett,RB,https://sports.yahoo.com/nfl/players/9010,1958
21,Jamie Harper,RB,https://sports.yahoo.com/nfl/players/24917,1959
22,Shaun Draughn,RB,https://sports.yahoo.com/nfl/players/25481,1963
23,Emil Igwenagu,RB,https://sports.yahoo.com/nfl/players/26002,1964
24,Josh Baker,RB,https://sports.yahoo.com/nfl/players/25317,1965
0,Brad Smelley,RB,https://sports.yahoo.com/nfl/players/25957,1966
1,Ben Guidugli,RB,https://sports.yahoo.com/nfl/players/25545,1967
2,David Johnson,RB,https://sports.yahoo.com/nfl/players/9505,1968
3,Tashard Choice,RB,https://sports.yahoo.com/nfl/players/8902,1973
4,William Powell,RB,https://sports.yahoo.com/nfl/players/25209,1974
5,Lance Ball,RB,https://sports.yahoo.com/nfl/players/9080,1975
6,Joe Martinek,RB,https://sports.yahoo.com/nfl/players/26405,2217
7,Tre'Shawn Robinson,RB,https://sports.yahoo.com/nfl/players/26512,2218
8,Derrick Coleman,RB,https://sports.yahoo.com/nfl/players/26299,2219
9,Antwon Bailey,RB,https://sports.yahoo.com/nfl/players/26274,2220
10,Bradie Ewing,RB,https://sports.yahoo.com/nfl/players/25867,2221
11,Lorenzo Booker,RB,https://sports.yahoo.com/nfl/players/8325,2222
12,Austin Sylvester,RB,https://sports.yahoo.com/nfl/players/25194,2223
13,Brock Bolen,RB,https://sports.yahoo.com/nfl/players/9635,2224
14,Damien Berry,RB,https://sports.yahoo.com/nfl/players/25355,2225
15,Aaron Brown,RB,https://sports.yahoo.com/nfl/players/9456,2226
16,Jon Hoese,RB,https://sports.yahoo.com/nfl/players/25465,2227
17,Jerome Harrison,RB,https://sports.yahoo.com/nfl/players/7894,2228
18,Darrell Scott,RB,https://sports.yahoo.com/nfl/players/26074,2229
19,Bobby Rainey,RB,https://sports.yahoo.com/nfl/players/26455,2230
20,Robbie Frey,RB,https://sports.yahoo.com/nfl/players/26164,2231
21,John Conner,RB,https://sports.yahoo.com/nfl/players/24115,2232
22,Darren Evans,RB,https://sports.yahoo.com/nfl/players/25561,2233
23,Johnny White,RB,https://sports.yahoo.com/nfl/players/24920,2234
24,Nicholas Schwieger,RB,https://sports.yahoo.com/nfl/players/26360,2235
0,Ryan Mahaffey,RB,https://sports.yahoo.com/nfl/players/25364,2236
1,Vai Taua,RB,https://sports.yahoo.com/nfl/players/25396,2237
2,Steve Slaton,RB,https://sports.yahoo.com/nfl/players/8866,2238
3,Will Ta'ufo'ou,RB,https://sports.yahoo.com/nfl/players/9563,2239
4,Chase Reynolds,RB,https://sports.yahoo.com/nfl/players/25650,2240
5,Da'Rel Scott,RB,https://sports.yahoo.com/nfl/players/25008,2241
6,Robert Hughes,RB,https://sports.yahoo.com/nfl/players/25077,2242
7,Dimitri Nance,RB,https://sports.yahoo.com/nfl/players/24267,2243
8,Nate Eachus,RB,https://sports.yahoo.com/nfl/players/26111,2244
9,Tauren Poole,RB,https://sports.yahoo.com/nfl/players/26103,2245
10,Tyrell Sutton,RB,https://sports.yahoo.com/nfl/players/9587,2246
11,Herb Donaldson,RB,https://sports.yahoo.com/nfl/players/9725,2247
12,Harvey Unga,RB,https://sports.yahoo.com/nfl/players/24743,2248
13,Michael Smith,RB,https://sports.yahoo.com/nfl/players/25922,2249
14,Fozzy Whittaker,RB,https://sports.yahoo.com/nfl/players/26596,2250
15,Chad Diehl,RB,https://sports.yahoo.com/nfl/players/26443,2251
16,Josh Vaughan,RB,https://sports.yahoo.com/nfl/players/9639,2252
17,Thomas Clayton,RB,https://sports.yahoo.com/nfl/players/8440,2253
18,Lonyae Miller,RB,https://sports.yahoo.com/nfl/players/24576,2254
19,Edwin Baker,RB,https://sports.yahoo.com/nfl/players/25960,2255
20,Javon Ringer,RB,https://sports.yahoo.com/nfl/players/9437,2256
21,John Clay,RB,https://sports.yahoo.com/nfl/players/25052,2257
22,Cameron Bell,RB,https://sports.yahoo.com/nfl/players/26250,2258
23,Xavier Omon,RB,https://sports.yahoo.com/nfl/players/8956,2259
24,Moran Norris,RB,https://sports.yahoo.com/nfl/players/5563,2260
0,Ryan D'Imperio,RB,https://sports.yahoo.com/nfl/players/24212,2261
1,Deji Karim,RB,https://sports.yahoo.com/nfl/players/24156,2262
2,Terrance Ganaway,RB,https://sports.yahoo.com/nfl/players/25912,2263
3,Javarris Williams,RB,https://sports.yahoo.com/nfl/players/9476,2264
4,Antonio Leak,RB,https://sports.yahoo.com/nfl/players/26330,2265
5,Jeremiah Johnson,RB,https://sports.yahoo.com/nfl/players/9607,2266
6,Tony Fiammetta,RB,https://sports.yahoo.com/nfl/players/9392,2267
7,Caleb King,RB,https://sports.yahoo.com/nfl/players/25682,2268
8,Jason Ford,RB,https://sports.yahoo.com/nfl/players/26295,2269
9,Stephfon Green,RB,https://sports.yahoo.com/nfl/players/26387,2270
10,James Develin,RB,https://sports.yahoo.com/nfl/players/24760,2271
11,Reagan Maui'a,RB,https://sports.yahoo.com/nfl/players/8435,2272
12,Ovie Mughelli,RB,https://sports.yahoo.com/nfl/players/6470,2273
13,Mossis Madu Jr.,RB,https://sports.yahoo.com/nfl/players/25254,2274
14,Ed Wesley,RB,https://sports.yahoo.com/nfl/players/26570,2275
15,Eddie Williams,RB,https://sports.yahoo.com/nfl/players/9485,2276
16,Brandon Jackson,RB,https://sports.yahoo.com/nfl/players/8317,2277
17,Jewel Hampton,RB,https://sports.yahoo.com/nfl/players/26255,2278
18,Tristan Davis,RB,https://sports.yahoo.com/nfl/players/9624,2279
19,Jourdan Brooks,RB,https://sports.yahoo.com/nfl/players/26474,2280
20,Du'ane Bennett,RB,https://sports.yahoo.com/nfl/players/26412,2281
21,Michael Hayes,RB,https://sports.yahoo.com/nfl/players/26194,2282
22,Lee Meisner,RB,https://sports.yahoo.com/nfl/players/26460,2283
23,Adonis Thomas,RB,https://sports.yahoo.com/nfl/players/26500,2284
24,Collin Mooney,RB,https://sports.yahoo.com/nfl/players/26233,2285
0,Jonathan Grimes,RB,https://sports.yahoo.com/nfl/players/26488,2286
1,John Griffin,RB,https://sports.yahoo.com/nfl/players/25456,2287
2,Lousaka Polite,RB,https://sports.yahoo.com/nfl/players/7162,2288
3,Owen Marecic,RB,https://sports.yahoo.com/nfl/players/24911,2289
4,Taylor Gentry,RB,https://sports.yahoo.com/nfl/players/26114,2290
5,Joe Banyard,RB,https://sports.yahoo.com/nfl/players/26079,2291
6,Tyler Clutts,RB,https://sports.yahoo.com/nfl/players/24769,2292
7,Shane Bannon,RB,https://sports.yahoo.com/nfl/players/25010,2293
8,Darryl Whiting,RB,https://sports.yahoo.com/nfl/players/26029,2294
9,Mike Cox,RB,https://sports.yahoo.com/nfl/players/9051,2295
10,Chris Douglas,RB,https://sports.yahoo.com/nfl/players/26124,2296
11,Marc Tyler,RB,https://sports.yahoo.com/nfl/players/26437,2297
12,Alvester Alexander,RB,https://sports.yahoo.com/nfl/players/25964,2298
13,Davin Meggett,RB,https://sports.yahoo.com/nfl/players/26493,2299
14,Lyndon Rowells,RB,https://sports.yahoo.com/nfl/players/26105,2300
15,Jeff Demps,RB,https://sports.yahoo.com/nfl/players/26591,2301
16,Jamize Olawale,RB,https://sports.yahoo.com/nfl/players/26535,2302
17,Rashawn Jackson,RB,https://sports.yahoo.com/nfl/players/24341,2303
18,Javarris James,RB,https://sports.yahoo.com/nfl/players/24462,2304
19,Naufahu Tahi,RB,https://sports.yahoo.com/nfl/players/8078,2305
20,Dorson Boyce,RB,https://sports.yahoo.com/nfl/players/25102,2306
21,Brit Miller,RB,https://sports.yahoo.com/nfl/players/9669,2307
22,Mario Fannin,RB,https://sports.yahoo.com/nfl/players/25185,2308
23,Ryan Torain,RB,https://sports.yahoo.com/nfl/players/8905,2309
24,Rock Cartwright,RB,https://sports.yahoo.com/nfl/players/6119,2310
0,Jared Crank,RB,https://sports.yahoo.com/nfl/players/26137,2311
1,Spencer Larsen,RB,https://sports.yahoo.com/nfl/players/8960,2312
2,Chris Taylor,RB,https://sports.yahoo.com/nfl/players/8101,2313
3,Devin Moore,RB,https://sports.yahoo.com/nfl/players/9667,2314
4,Jonas Gray,RB,https://sports.yahoo.com/nfl/players/26273,2315
5,Zach Brown,RB,https://sports.yahoo.com/nfl/players/26579,2316
6,De'Anthony Curtis,RB,https://sports.yahoo.com/nfl/players/26326,2317
7,James Bryant,RB,https://sports.yahoo.com/nfl/players/25704,2318
8,Brandon Saine,RB,https://sports.yahoo.com/nfl/players/25475,2319
9,Jordan Todman,RB,https://sports.yahoo.com/nfl/players/24970,2320
10,Chad Spann,RB,https://sports.yahoo.com/nfl/players/25175,2321
11,Chris Polk,RB,https://sports.yahoo.com/nfl/players/26006,2322
12,Quinn Porter,RB,https://sports.yahoo.com/nfl/players/24504,2323
13,Fui Vakapuna,RB,https://sports.yahoo.com/nfl/players/9479,2324
14,Rodney Stewart,RB,https://sports.yahoo.com/nfl/players/26248,2325
15,Brandon Pendergrass,RB,https://sports.yahoo.com/nfl/players/26452,2326
16,Eric Kettani,RB,https://sports.yahoo.com/nfl/players/25303,2327
17,Cody Johnson,RB,https://sports.yahoo.com/nfl/players/26042,2328
18,Richard Medlin,RB,https://sports.yahoo.com/nfl/players/25652,2329
19,Jacob Hester,RB,https://sports.yahoo.com/nfl/players/8846,2330
20,Daniel Herron,RB,https://sports.yahoo.com/nfl/players/25901,2331
21,Keith Toston,RB,https://sports.yahoo.com/nfl/players/24300,2332
22,Manase Tonga,RB,https://sports.yahoo.com/nfl/players/24392,2333
23,Korey Hall,RB,https://sports.yahoo.com/nfl/players/8445,2334
24,Graig Cooper,RB,https://sports.yahoo.com/nfl/players/25044,2335
0,Todd Anderson,RB,https://sports.yahoo.com/nfl/players/26340,2336
1,Patrick DiMarco,RB,https://sports.yahoo.com/nfl/players/25158,2337
2,Princeton McCarty,RB,https://sports.yahoo.com/nfl/players/26102,2338
3,Kareem Huggins,RB,https://sports.yahoo.com/nfl/players/9642,2339
4,Nic Cooper,RB,https://sports.yahoo.com/nfl/players/26417,2340
5,Calvin Middleton,RB,https://sports.yahoo.com/nfl/players/26357,2341
6,Jerome Messam,RB,https://sports.yahoo.com/nfl/players/25702,2342
7,Shaun Chapas,RB,https://sports.yahoo.com/nfl/players/25007,2343
8,Lennon Creer,RB,https://sports.yahoo.com/nfl/players/26276,2344
9,Dion Lewis,RB,https://sports.yahoo.com/nfl/players/24936,2354
10,Boobie Dixon,RB,https://sports.yahoo.com/nfl/players/24149,2358
11,Michael Robinson,RB,https://sports.yahoo.com/nfl/players/7849,2360
12,Richard Murphy,RB,https://sports.yahoo.com/nfl/players/25126,2364
13,John Kuhn,RB,https://sports.yahoo.com/nfl/players/7695,2365
14,Darrel Young,RB,https://sports.yahoo.com/nfl/players/9666,2366
15,Curtis Brinkley,RB,https://sports.yahoo.com/nfl/players/23971,2374
16,Armando Allen,RB,https://sports.yahoo.com/nfl/players/25244,2379
17,Jorvorskie Lane,RB,https://sports.yahoo.com/nfl/players/26548,2384
18,Jason Snelling,RB,https://sports.yahoo.com/nfl/players/8498,2385
19,Jalen Parmele,RB,https://sports.yahoo.com/nfl/players/8953,2390
20,Dorin Dickerson,RB,https://sports.yahoo.com/nfl/players/24203,2396
21,Will Johnson,RB,https://sports.yahoo.com/nfl/players/25706,2399
22,Vonta Leach,RB,https://sports.yahoo.com/nfl/players/7139,2402
23,Chris Ogbonnaya,RB,https://sports.yahoo.com/nfl/players/9475,2405
24,Chris Rainey,RB,https://sports.yahoo.com/nfl/players/25869,2407
0,Darius Reynaud,RB,https://sports.yahoo.com/nfl/players/9161,2431
1,Baron Batch,RB,https://sports.yahoo.com/nfl/players/25019,2433
2,Chris Pressley,RB,https://sports.yahoo.com/nfl/players/9566,2436
3,Mewelde Moore,RB,https://sports.yahoo.com/nfl/players/6878,2437
4,Brian Leonard,RB,https://sports.yahoo.com/nfl/players/8306,2441
5,Jed Collins,RB,https://sports.yahoo.com/nfl/players/9098,2442
6,Kahlil Bell,RB,https://sports.yahoo.com/nfl/players/9701,2443
7,Leon Washington,RB,https://sports.yahoo.com/nfl/players/7866,2444
8,Stanley Havili,RB,https://sports.yahoo.com/nfl/players/25027,2450
9,Cyrus Gray,RB,https://sports.yahoo.com/nfl/players/25892,2452
10,Anthony Allen,RB,https://sports.yahoo.com/nfl/players/25012,2453
11,Rhett Ellison,RB,https://sports.yahoo.com/nfl/players/25838,2454
12,Lance Dunbar,RB,https://sports.yahoo.com/nfl/players/26064,2455
13,Henry Hynoski,RB,https://sports.yahoo.com/nfl/players/25505,2456
14,Phillip Tanner,RB,https://sports.yahoo.com/nfl/players/25444,2460
15,D.J. Ware,RB,https://sports.yahoo.com/nfl/players/8524,2462
16,Erik Lorig,RB,https://sports.yahoo.com/nfl/players/24229,2463
17,Evan Rodriguez,RB,https://sports.yahoo.com/nfl/players/25821,2464
18,Lawrence Vickers,RB,https://sports.yahoo.com/nfl/players/7929,2467
19,Greg Jones,RB,https://sports.yahoo.com/nfl/players/6814,2468
20,Jerome Felton,RB,https://sports.yahoo.com/nfl/players/8912,2470
21,Marcus Thigpen,RB,https://sports.yahoo.com/nfl/players/25694,2473
22,Le'Ron McClain,RB,https://sports.yahoo.com/nfl/players/8391,2474
23,Bruce Miller,RB,https://sports.yahoo.com/nfl/players/24998,2475
24,Quinn Johnson,RB,https://sports.yahoo.com/nfl/players/9409,2480
0,Lex Hilliard,RB,https://sports.yahoo.com/nfl/players/8981,2481
1,Alfonso Smith,RB,https://sports.yahoo.com/nfl/players/24287,2482
2,Kregg Lumpkin,RB,https://sports.yahoo.com/nfl/players/9038,2486
3,Anthony Sherman,RB,https://sports.yahoo.com/nfl/players/24923,2488
4,Keiland Williams,RB,https://sports.yahoo.com/nfl/players/24611,2491
5,Travaris Cadet,RB,https://sports.yahoo.com/nfl/players/26024,2492
6,Matt Asiata,RB,https://sports.yahoo.com/nfl/players/25238,2493
7,Chris Gronkowski,RB,https://sports.yahoo.com/nfl/players/24601,2495
8,Corey McIntyre,RB,https://sports.yahoo.com/nfl/players/7450,2496
9,Stefan Logan,RB,https://sports.yahoo.com/nfl/players/9559,2502
10,Owen Schmitt,RB,https://sports.yahoo.com/nfl/players/8940,2503
11,Antone Smith,RB,https://sports.yahoo.com/nfl/players/9707,2505
12,Armond Smith,RB,https://sports.yahoo.com/nfl/players/25597,2506
0,Jimmy Graham,TE,https://sports.yahoo.com/nfl/players/24070,11
1,Rob Gronkowski,TE,https://sports.yahoo.com/nfl/players/24017,13
2,Antonio Gates,TE,https://sports.yahoo.com/nfl/players/6663,49
3,Aaron Hernandez,TE,https://sports.yahoo.com/nfl/players/24088,54
4,Vernon Davis,TE,https://sports.yahoo.com/nfl/players/7755,55
5,Jermichael Finley,TE,https://sports.yahoo.com/nfl/players/8868,65
6,Fred Davis,TE,https://sports.yahoo.com/nfl/players/8825,68
7,Brandon Pettigrew,TE,https://sports.yahoo.com/nfl/players/9284,92
8,Jason Witten,TE,https://sports.yahoo.com/nfl/players/6405,96
9,Tony Gonzalez,TE,https://sports.yahoo.com/nfl/players/3950,105
10,Jermaine Gresham,TE,https://sports.yahoo.com/nfl/players/23996,106
11,Brent Celek,TE,https://sports.yahoo.com/nfl/players/8416,112
12,Jacob Tamme,TE,https://sports.yahoo.com/nfl/players/8916,114
13,Jared Cook,TE,https://sports.yahoo.com/nfl/players/9353,121
14,Greg Olsen,TE,https://sports.yahoo.com/nfl/players/8285,125
15,Owen Daniels,TE,https://sports.yahoo.com/nfl/players/7847,127
16,Dustin Keller,TE,https://sports.yahoo.com/nfl/players/8807,133
17,Kyle Rudolph,TE,https://sports.yahoo.com/nfl/players/24830,151
18,Coby Fleener,TE,https://sports.yahoo.com/nfl/players/25744,160
19,Martellus Bennett,TE,https://sports.yahoo.com/nfl/players/8838,177
20,Kellen Winslow,TE,https://sports.yahoo.com/nfl/players/6765,185
21,Dallas Clark,TE,https://sports.yahoo.com/nfl/players/6360,189
22,Heath Miller,TE,https://sports.yahoo.com/nfl/players/7206,193
23,Ed Dickson,TE,https://sports.yahoo.com/nfl/players/24045,208
24,Dwayne Allen,TE,https://sports.yahoo.com/nfl/players/25774,212
0,Tony Moeaki,TE,https://sports.yahoo.com/nfl/players/24068,215
1,Lance Kendricks,TE,https://sports.yahoo.com/nfl/players/24834,219
2,Kellen Davis,TE,https://sports.yahoo.com/nfl/players/8935,220
3,Dennis Pitta,TE,https://sports.yahoo.com/nfl/players/24089,249
4,Brandon Myers,TE,https://sports.yahoo.com/nfl/players/9466,254
5,Scott Chandler,TE,https://sports.yahoo.com/nfl/players/8383,256
6,Tom Crabtree,TE,https://sports.yahoo.com/nfl/players/9613,266
7,David Thomas,TE,https://sports.yahoo.com/nfl/players/7835,267
8,Marcedes Lewis,TE,https://sports.yahoo.com/nfl/players/7777,271
9,Anthony McCoy,TE,https://sports.yahoo.com/nfl/players/24161,282
10,Joel Dreessen,TE,https://sports.yahoo.com/nfl/players/7374,294
11,Ben Watson,TE,https://sports.yahoo.com/nfl/players/6791,298
12,Jeff Cumberland,TE,https://sports.yahoo.com/nfl/players/24303,304
13,Anthony Fasano,TE,https://sports.yahoo.com/nfl/players/7802,307
14,Tony Scheffler,TE,https://sports.yahoo.com/nfl/players/7810,323
15,Zach Miller,TE,https://sports.yahoo.com/nfl/players/8292,324
16,Garrett Graham,TE,https://sports.yahoo.com/nfl/players/24093,326
17,Logan Paulsen,TE,https://sports.yahoo.com/nfl/players/24608,1789
18,Delanie Walker,TE,https://sports.yahoo.com/nfl/players/7924,1795
19,Rob Housler,TE,https://sports.yahoo.com/nfl/players/24856,1801
20,Charles Clay,TE,https://sports.yahoo.com/nfl/players/24961,1808
21,Clay Harbor,TE,https://sports.yahoo.com/nfl/players/24100,1813
22,Leonard Pope,TE,https://sports.yahoo.com/nfl/players/7821,1814
23,Dante Rosario,TE,https://sports.yahoo.com/nfl/players/8409,1822
24,Craig Stevens,TE,https://sports.yahoo.com/nfl/players/8862,1823
0,Lee Smith,TE,https://sports.yahoo.com/nfl/players/24946,1824
1,Jordan Cameron,TE,https://sports.yahoo.com/nfl/players/24889,1825
2,Matt Spaeth,TE,https://sports.yahoo.com/nfl/players/8331,1826
3,Will Heller,TE,https://sports.yahoo.com/nfl/players/6669,1828
4,Patrick Doyle,TE,https://sports.yahoo.com/nfl/players/26550,1831
5,Anthony Miller,TE,https://sports.yahoo.com/nfl/players/25982,1832
6,Nathan Overbay,TE,https://sports.yahoo.com/nfl/players/24370,1833
7,Colin Cloherty,TE,https://sports.yahoo.com/nfl/players/9683,1834
8,Daniel Graham,TE,https://sports.yahoo.com/nfl/players/5907,1835
9,Brandon Barden,TE,https://sports.yahoo.com/nfl/players/26013,1836
10,Brian Linthicum,TE,https://sports.yahoo.com/nfl/players/26155,1837
11,Mike Higgins,TE,https://sports.yahoo.com/nfl/players/25284,1838
12,Kyle Nelson,TE,https://sports.yahoo.com/nfl/players/25291,1839
13,Aron White,TE,https://sports.yahoo.com/nfl/players/26462,1840
14,Kory Sperry,TE,https://sports.yahoo.com/nfl/players/9694,1841
15,Hayden Smith,TE,https://sports.yahoo.com/nfl/players/25707,1842
16,Logan Brock,TE,https://sports.yahoo.com/nfl/players/26486,1843
17,Eric Lair,TE,https://sports.yahoo.com/nfl/players/26430,1844
18,Kyle Miller,TE,https://sports.yahoo.com/nfl/players/25125,1845
19,Gijon Robinson,TE,https://sports.yahoo.com/nfl/players/8661,1846
20,Derek Schouman,TE,https://sports.yahoo.com/nfl/players/8476,1847
21,Jamie Childers,TE,https://sports.yahoo.com/nfl/players/26532,1848
22,Drake Dunsmore,TE,https://sports.yahoo.com/nfl/players/25943,1849
23,Brandon Venson,TE,https://sports.yahoo.com/nfl/players/26465,1850
24,Sean McGrath,TE,https://sports.yahoo.com/nfl/players/25992,1851
0,Harry Flaherty,TE,https://sports.yahoo.com/nfl/players/25280,1852
1,Tarren Lloyd,TE,https://sports.yahoo.com/nfl/players/26101,1853
2,LaMark Brown,TE,https://sports.yahoo.com/nfl/players/26160,1854
3,Ryan Purvis,TE,https://sports.yahoo.com/nfl/players/9643,1855
4,Jake Byrne,TE,https://sports.yahoo.com/nfl/players/26021,1856
5,Collin Franklin,TE,https://sports.yahoo.com/nfl/players/25298,1857
6,Beau Reliford,TE,https://sports.yahoo.com/nfl/players/26323,1858
7,Fendi Onobun,TE,https://sports.yahoo.com/nfl/players/24146,1859
8,Matt Veldman,TE,https://sports.yahoo.com/nfl/players/26095,1860
9,Joe Jon Finley,TE,https://sports.yahoo.com/nfl/players/9116,1861
10,Jim Dray,TE,https://sports.yahoo.com/nfl/players/24208,1862
11,Christian Hopkins,TE,https://sports.yahoo.com/nfl/players/25633,1863
12,Travis Beckum,TE,https://sports.yahoo.com/nfl/players/9364,1864
13,Clark Harris,TE,https://sports.yahoo.com/nfl/players/8497,1865
14,Dan Gronkowski,TE,https://sports.yahoo.com/nfl/players/9519,1866
15,Tommy Gallarda,TE,https://sports.yahoo.com/nfl/players/25114,1867
16,Andrew Szczerba,TE,https://sports.yahoo.com/nfl/players/26076,1868
17,Will Yeatman,TE,https://sports.yahoo.com/nfl/players/25316,1869
18,Nick Guess,TE,https://sports.yahoo.com/nfl/players/26191,1870
19,Zack Pianalto,TE,https://sports.yahoo.com/nfl/players/25394,1871
20,Brody Eldridge,TE,https://sports.yahoo.com/nfl/players/24138,1872
21,Zach Miller,TE,https://sports.yahoo.com/nfl/players/9444,1873
22,Wes Lyons,TE,https://sports.yahoo.com/nfl/players/24786,1874
23,Tyler Urban,TE,https://sports.yahoo.com/nfl/players/26057,1875
24,Cameron Morrah,TE,https://sports.yahoo.com/nfl/players/9512,1876
0,Billy Bajema,TE,https://sports.yahoo.com/nfl/players/7425,1877
1,Chase Ford,TE,https://sports.yahoo.com/nfl/players/26000,1878
2,Richard Quinn,TE,https://sports.yahoo.com/nfl/players/9328,1879
3,Brett Brackett,TE,https://sports.yahoo.com/nfl/players/25331,1880
4,Weslye Saunders,TE,https://sports.yahoo.com/nfl/players/25056,1881
5,Martin Rucker,TE,https://sports.yahoo.com/nfl/players/8888,1882
6,Andre Smith,TE,https://sports.yahoo.com/nfl/players/25084,1883
7,Cornelius Ingram,TE,https://sports.yahoo.com/nfl/players/9417,1884
8,Dominique Jones,TE,https://sports.yahoo.com/nfl/players/26203,1885
9,Evan Moore,TE,https://sports.yahoo.com/nfl/players/9539,1886
10,Colin Cochart,TE,https://sports.yahoo.com/nfl/players/25450,1887
11,Brad Taylor,TE,https://sports.yahoo.com/nfl/players/25169,1888
12,Brian Jennings,TE,https://sports.yahoo.com/nfl/players/5259,1889
13,Brad Herman,TE,https://sports.yahoo.com/nfl/players/26393,1890
14,Andrew Quarless,TE,https://sports.yahoo.com/nfl/players/24130,1891
15,Cameron Ford,TE,https://sports.yahoo.com/nfl/players/26429,1892
16,Allen Reisner,TE,https://sports.yahoo.com/nfl/players/25230,1893
17,Joe Zelenka,TE,https://sports.yahoo.com/nfl/players/4926,1894
18,George Bryan,TE,https://sports.yahoo.com/nfl/players/26062,1895
19,Davon Drew,TE,https://sports.yahoo.com/nfl/players/9413,1896
20,Visanthe Shiancoe,TE,https://sports.yahoo.com/nfl/players/6427,1897
21,Joe Sawyer,TE,https://sports.yahoo.com/nfl/players/26588,1898
22,Cooper Helfet,TE,https://sports.yahoo.com/nfl/players/26518,1899
23,Justin Peelle,TE,https://sports.yahoo.com/nfl/players/5989,1900
24,Jeron Mastrud,TE,https://sports.yahoo.com/nfl/players/24379,1901
0,Ryan Winterswyk,TE,https://sports.yahoo.com/nfl/players/25350,1902
1,Jake O'Connell,TE,https://sports.yahoo.com/nfl/players/9501,1903
2,John Nalbone,TE,https://sports.yahoo.com/nfl/players/9425,1904
3,Deangelo Peterson,TE,https://sports.yahoo.com/nfl/players/26358,1905
4,Jamie McCoy,TE,https://sports.yahoo.com/nfl/players/24313,1906
5,Stephen Spach,TE,https://sports.yahoo.com/nfl/players/7440,1907
6,Julius Thomas,TE,https://sports.yahoo.com/nfl/players/24916,1908
7,Adam Nissley,TE,https://sports.yahoo.com/nfl/players/26174,1909
8,Brandon Bostick,TE,https://sports.yahoo.com/nfl/players/26538,1910
9,Mike Caussin,TE,https://sports.yahoo.com/nfl/players/24473,1911
10,Todd Heap,TE,https://sports.yahoo.com/nfl/players/5478,1912
11,Larry Donnell,TE,https://sports.yahoo.com/nfl/players/25703,1913
12,Chris Cooley,TE,https://sports.yahoo.com/nfl/players/6840,1914
13,Beau Brinkley,TE,https://sports.yahoo.com/nfl/players/26016,1915
14,Draylen Ross,TE,https://sports.yahoo.com/nfl/players/25581,1916
15,Kyle Efaw,TE,https://sports.yahoo.com/nfl/players/26472,1917
16,Ladarius Green,TE,https://sports.yahoo.com/nfl/players/25820,1918
17,Donald Lee,TE,https://sports.yahoo.com/nfl/players/6492,1919
18,Bryce Davis,TE,https://sports.yahoo.com/nfl/players/26239,1920
19,Alex Gottlieb,TE,https://sports.yahoo.com/nfl/players/26386,1921
20,DeMarco Cosby,TE,https://sports.yahoo.com/nfl/players/25673,1922
21,Les Brown,TE,https://sports.yahoo.com/nfl/players/25709,1923
22,Greg Smith,TE,https://sports.yahoo.com/nfl/players/25422,1924
23,Adrien Robinson,TE,https://sports.yahoo.com/nfl/players/25837,1925
24,Daniel Hardy,TE,https://sports.yahoo.com/nfl/players/25025,1926
0,Ben Hartsock,TE,https://sports.yahoo.com/nfl/players/6827,1927
1,Phillip Supernaw,TE,https://sports.yahoo.com/nfl/players/26497,1928
2,Chase Coffman,TE,https://sports.yahoo.com/nfl/players/9362,1929
3,Jake Ballard,TE,https://sports.yahoo.com/nfl/players/24550,1930
4,Bo Scaife,TE,https://sports.yahoo.com/nfl/players/7355,1931
5,Rob Myers,TE,https://sports.yahoo.com/nfl/players/9675,1932
6,Austin Wells,TE,https://sports.yahoo.com/nfl/players/26402,1933
7,Matt Balasavage,TE,https://sports.yahoo.com/nfl/players/26470,1934
8,Joey Haynos,TE,https://sports.yahoo.com/nfl/players/9129,1935
9,Bruce Figgins,TE,https://sports.yahoo.com/nfl/players/26515,1936
10,Steve Skelton,TE,https://sports.yahoo.com/nfl/players/25211,1937
11,Martell Webb,TE,https://sports.yahoo.com/nfl/players/25050,1938
12,Tory Humphrey,TE,https://sports.yahoo.com/nfl/players/7598,1939
13,Cameron Graham,TE,https://sports.yahoo.com/nfl/players/25136,1940
14,Kevin Brock,TE,https://sports.yahoo.com/nfl/players/9699,1941
15,Justin Snow,TE,https://sports.yahoo.com/nfl/players/5341,1942
16,Nate Byham,TE,https://sports.yahoo.com/nfl/players/24158,1943
17,Nick Melillo,TE,https://sports.yahoo.com/nfl/players/26537,1944
18,Kevin Boss,TE,https://sports.yahoo.com/nfl/players/8407,1945
19,Mickey Shuler,TE,https://sports.yahoo.com/nfl/players/24190,1946
20,Andre Hardy,TE,https://sports.yahoo.com/nfl/players/25708,1947
21,Tim Biere,TE,https://sports.yahoo.com/nfl/players/26109,1948
22,Danny Noble,TE,https://sports.yahoo.com/nfl/players/26332,1949
23,Michael Egnew,TE,https://sports.yahoo.com/nfl/players/25788,1950
24,Patrick Scales,TE,https://sports.yahoo.com/nfl/players/25370,1951
0,Dedrick Epps,TE,https://sports.yahoo.com/nfl/players/24210,1952
1,Luke Stocker,TE,https://sports.yahoo.com/nfl/players/24891,1955
2,Nelson Rosario,TE,https://sports.yahoo.com/nfl/players/26091,1960
3,Andrew DePaola,TE,https://sports.yahoo.com/nfl/players/26583,1961
4,Maurice Stovall,TE,https://sports.yahoo.com/nfl/players/7839,1962
5,Emil Igwenagu,TE,https://sports.yahoo.com/nfl/players/26002,1964
6,Josh Baker,TE,https://sports.yahoo.com/nfl/players/25317,1965
7,Brad Smelley,TE,https://sports.yahoo.com/nfl/players/25957,1966
8,Ben Guidugli,TE,https://sports.yahoo.com/nfl/players/25545,1967
9,David Johnson,TE,https://sports.yahoo.com/nfl/players/9505,1968
10,Daniel Fells,TE,https://sports.yahoo.com/nfl/players/8028,1969
11,Matthew Mulligan,TE,https://sports.yahoo.com/nfl/players/9149,1971
12,Michael Hoomanawanui,TE,https://sports.yahoo.com/nfl/players/24108,1976
13,Gary Barnidge,TE,https://sports.yahoo.com/nfl/players/8907,1977
14,Michael Palmer,TE,https://sports.yahoo.com/nfl/players/24271,2345
15,Bear Pascoe,TE,https://sports.yahoo.com/nfl/players/9448,2347
16,Garrett Celek,TE,https://sports.yahoo.com/nfl/players/26253,2350
17,Virgil Green,TE,https://sports.yahoo.com/nfl/players/24991,2352
18,Jeff King,TE,https://sports.yahoo.com/nfl/players/7904,2356
19,John Phillips,TE,https://sports.yahoo.com/nfl/players/9472,2357
20,Orson Charles,TE,https://sports.yahoo.com/nfl/players/25826,2361
21,James Hanna,TE,https://sports.yahoo.com/nfl/players/25896,2362
22,Niles Paul,TE,https://sports.yahoo.com/nfl/players/24942,2363
23,Richard Gordon,TE,https://sports.yahoo.com/nfl/players/24968,2368
24,Steve Maneri,TE,https://sports.yahoo.com/nfl/players/24453,2369
0,David Ausberry,TE,https://sports.yahoo.com/nfl/players/25028,2370
1,Konrad Reuland,TE,https://sports.yahoo.com/nfl/players/25223,2371
2,D.J. Williams,TE,https://sports.yahoo.com/nfl/players/24928,2378
3,Mike McNeill,TE,https://sports.yahoo.com/nfl/players/25566,2382
4,John Carlson,TE,https://sports.yahoo.com/nfl/players/8815,2383
5,Kyle Adams,TE,https://sports.yahoo.com/nfl/players/25070,2386
6,Randy McMichael,TE,https://sports.yahoo.com/nfl/players/6000,2387
7,Cory Harkey,TE,https://sports.yahoo.com/nfl/players/26347,2388
8,Alex Smith,TE,https://sports.yahoo.com/nfl/players/7247,2389
9,Dave Paulson,TE,https://sports.yahoo.com/nfl/players/25950,2391
10,Taylor Thompson,TE,https://sports.yahoo.com/nfl/players/25855,2392
11,Dorin Dickerson,TE,https://sports.yahoo.com/nfl/players/24203,2396
12,Ryan Taylor,TE,https://sports.yahoo.com/nfl/players/25005,2439
13,Zach Potter,TE,https://sports.yahoo.com/nfl/players/9702,2440
14,Mike Leach,TE,https://sports.yahoo.com/nfl/players/5381,2445
15,Richie Brockel,TE,https://sports.yahoo.com/nfl/players/24431,2446
16,Rhett Ellison,TE,https://sports.yahoo.com/nfl/players/25838,2454
17,Evan Rodriguez,TE,https://sports.yahoo.com/nfl/players/25821,2464
0,Sebastian Janikowski,K,https://sports.yahoo.com/nfl/players/5046,207
1,David Akers,K,https://sports.yahoo.com/nfl/players/4587,209
2,Mason Crosby,K,https://sports.yahoo.com/nfl/players/8447,221
3,Stephen Gostkowski,K,https://sports.yahoo.com/nfl/players/7867,224
4,Dan Bailey,K,https://sports.yahoo.com/nfl/players/25427,227
5,Jason Hanson,K,https://sports.yahoo.com/nfl/players/2034,232
6,Rob Bironas,K,https://sports.yahoo.com/nfl/players/7434,233
7,Matt Prater,K,https://sports.yahoo.com/nfl/players/8565,234
8,Matt Bryant,K,https://sports.yahoo.com/nfl/players/6243,235
9,Robbie Gould,K,https://sports.yahoo.com/nfl/players/7520,236
10,Nate Kaeding,K,https://sports.yahoo.com/nfl/players/6824,237
11,Alex Henery,K,https://sports.yahoo.com/nfl/players/24907,238
12,Josh Brown,K,https://sports.yahoo.com/nfl/players/6558,248
13,Blair Walsh,K,https://sports.yahoo.com/nfl/players/25885,253
14,Connor Barth,K,https://sports.yahoo.com/nfl/players/9219,260
15,Lawrence Tynes,K,https://sports.yahoo.com/nfl/players/7022,263
16,Shayne Graham,K,https://sports.yahoo.com/nfl/players/5854,264
17,Justin Tucker,K,https://sports.yahoo.com/nfl/players/26534,265
18,Kai Forbath,K,https://sports.yahoo.com/nfl/players/25648,275
19,Phil Dawson,K,https://sports.yahoo.com/nfl/players/4269,283
20,Graham Gano,K,https://sports.yahoo.com/nfl/players/9526,284
21,Mike Nugent,K,https://sports.yahoo.com/nfl/players/7223,289
22,Adam Vinatieri,K,https://sports.yahoo.com/nfl/players/3727,291
23,Shaun Suisham,K,https://sports.yahoo.com/nfl/players/7527,293
24,Billy Cundiff,K,https://sports.yahoo.com/nfl/players/6154,296
0,Stephen Hauschka,K,https://sports.yahoo.com/nfl/players/9066,315
1,Ryan Succop,K,https://sports.yahoo.com/nfl/players/9520,322
2,Jay Feely,K,https://sports.yahoo.com/nfl/players/5447,1766
3,Garrett Hartley,K,https://sports.yahoo.com/nfl/players/9222,1768
4,Dan Carpenter,K,https://sports.yahoo.com/nfl/players/9032,1770
5,Nick Novak,K,https://sports.yahoo.com/nfl/players/7505,1782
6,Greg Zuerlein,K,https://sports.yahoo.com/nfl/players/25881,1786
7,Josh Scobee,K,https://sports.yahoo.com/nfl/players/6896,1792
8,Nick Folk,K,https://sports.yahoo.com/nfl/players/8432,1797
9,Rian Lindell,K,https://sports.yahoo.com/nfl/players/5388,1800
10,Justin Medlock,K,https://sports.yahoo.com/nfl/players/8414,2376
11,David Teggart,K,https://sports.yahoo.com/nfl/players/26469,2408
12,Brandon Coutu,K,https://sports.yahoo.com/nfl/players/9012,2409
13,Danny Hrapmann,K,https://sports.yahoo.com/nfl/players/26531,2410
14,Thomas Weber,K,https://sports.yahoo.com/nfl/players/25472,2411
15,Erik Folk,K,https://sports.yahoo.com/nfl/players/26556,2412
16,Garrett Lindholm,K,https://sports.yahoo.com/nfl/players/24617,2413
17,Randy Bullock,K,https://sports.yahoo.com/nfl/players/25871,2414
18,Olindo Mare,K,https://sports.yahoo.com/nfl/players/3888,2415
19,Neil Rackers,K,https://sports.yahoo.com/nfl/players/5198,2416
20,Chris Koepplin,K,https://sports.yahoo.com/nfl/players/25308,2417
21,Jeff Wolfert,K,https://sports.yahoo.com/nfl/players/25601,2418
22,Ryan Longwell,K,https://sports.yahoo.com/nfl/players/4080,2419
23,John Potter,K,https://sports.yahoo.com/nfl/players/25961,2420
24,Ricky Schmitt,K,https://sports.yahoo.com/nfl/players/9225,2421
0,Matt Szymanski,K,https://sports.yahoo.com/nfl/players/26121,2422
1,Derek Dimke,K,https://sports.yahoo.com/nfl/players/26384,2423
2,Eddy Carmona,K,https://sports.yahoo.com/nfl/players/26510,2424
3,Carson Wiggs,K,https://sports.yahoo.com/nfl/players/25997,2425
4,Jake Rogers,K,https://sports.yahoo.com/nfl/players/25503,2426
5,Sam Swank,K,https://sports.yahoo.com/nfl/players/9780,2427
6,John Kasay,K,https://sports.yahoo.com/nfl/players/1111,2428
7,Giorgio Tavecchio,K,https://sports.yahoo.com/nfl/players/26264,2429
8,Grant Ressel,K,https://sports.yahoo.com/nfl/players/26227,2430
0,San Francisco,DEF,https://sports.yahoo.com/nfl/teams/san-francisco/,142
1,Chicago,DEF,https://sports.yahoo.com/nfl/teams/chicago/,158
2,Pittsburgh,DEF,https://sports.yahoo.com/nfl/teams/pittsburgh/,162
3,Philadelphia,DEF,https://sports.yahoo.com/nfl/teams/philadelphia/,167
4,Green Bay,DEF,https://sports.yahoo.com/nfl/teams/green-bay/,170
5,Baltimore,DEF,https://sports.yahoo.com/nfl/teams/baltimore/,172
6,Houston,DEF,https://sports.yahoo.com/nfl/teams/houston/,181
7,Seattle,DEF,https://sports.yahoo.com/nfl/teams/seattle/,184
8,New York,DEF,https://sports.yahoo.com/nfl/teams/ny-giants/,191
9,New England,DEF,https://sports.yahoo.com/nfl/teams/new-england/,205
10,New York,DEF,https://sports.yahoo.com/nfl/teams/ny-jets/,206
11,Buffalo,DEF,https://sports.yahoo.com/nfl/teams/buffalo/,210
12,Detroit,DEF,https://sports.yahoo.com/nfl/teams/detroit/,214
13,Denver,DEF,https://sports.yahoo.com/nfl/teams/denver/,246
14,Cincinnati,DEF,https://sports.yahoo.com/nfl/teams/cincinnati/,250
15,Los Angeles,DEF,https://sports.yahoo.com/nfl/teams/la-chargers/,251
16,Arizona,DEF,https://sports.yahoo.com/nfl/teams/arizona/,259
17,Los Angeles,DEF,https://sports.yahoo.com/nfl/teams/la-rams/,261
18,Tennessee,DEF,https://sports.yahoo.com/nfl/teams/tennessee/,270
19,Minnesota,DEF,https://sports.yahoo.com/nfl/teams/minnesota/,273
20,Atlanta,DEF,https://sports.yahoo.com/nfl/teams/atlanta/,281
21,Cleveland,DEF,https://sports.yahoo.com/nfl/teams/cleveland/,305
22,Washington,DEF,https://sports.yahoo.com/nfl/teams/washington/,309
23,Miami,DEF,https://sports.yahoo.com/nfl/teams/miami/,313
24,Carolina,DEF,https://sports.yahoo.com/nfl/teams/carolina/,321
0,New Orleans,DEF,https://sports.yahoo.com/nfl/teams/new-orleans/,1764
1,Tampa Bay,DEF,https://sports.yahoo.com/nfl/teams/tampa-bay/,1787
2,Indianapolis,DEF,https://sports.yahoo.com/nfl/teams/indianapolis/,1793
3,Dallas,DEF,https://sports.yahoo.com/nfl/teams/dallas/,1827
4,Jacksonville,DEF,https://sports.yahoo.com/nfl/teams/jacksonville/,2373
5,Las Vegas,DEF,https://sports.yahoo.com/nfl/teams/las-vegas/,2393
6,Kansas City,DEF,https://sports.yahoo.com/nfl/teams/kansas-city/,2449
