,Unnamed: 0,player_name,position,player_url,score,rank
0,0,Patrick Mahomes,QB,https://sports.yahoo.com/nfl/players/30123,478.5,1
1,1,Josh Allen,QB,https://sports.yahoo.com/nfl/players/30977,467.4,2
2,2,Jalen Hurts,QB,https://sports.yahoo.com/nfl/players/32723,438.05,3
3,3,Joe Burrow,QB,https://sports.yahoo.com/nfl/players/32671,407.88,4
4,4,Geno Smith,QB,https://sports.yahoo.com/nfl/players/26662,363.85,5
5,5,Trevor Lawrence,QB,https://sports.yahoo.com/nfl/players/33389,362.03,6
6,6,Justin Fields,QB,https://sports.yahoo.com/nfl/players/33399,350.98,7
7,7,Kirk Cousins,QB,https://sports.yahoo.com/nfl/players/25812,345.48,8
8,8,Daniel Jones,QB,https://sports.yahoo.com/nfl/players/31838,344.75,9
9,9,Justin Herbert,QB,https://sports.yahoo.com/nfl/players/32676,337.08,10
10,10,Jared Goff,QB,https://sports.yahoo.com/nfl/players/29235,338.15,11
11,11,Tom Brady,QB,https://sports.yahoo.com/nfl/players/5228,326.58,12
12,12,Aaron Rodgers,QB,https://sports.yahoo.com/nfl/players/7200,286.5,13
13,13,Lamar Jackson,QB,https://sports.yahoo.com/nfl/players/31002,281.6,14
14,14,Tua Tagovailoa,QB,https://sports.yahoo.com/nfl/players/32675,270.15,15
15,15,Russell Wilson,QB,https://sports.yahoo.com/nfl/players/25785,271.45,16
16,16,Derek Carr,QB,https://sports.yahoo.com/nfl/players/27564,256.85,17
17,17,Kyler Murray,QB,https://sports.yahoo.com/nfl/players/31833,238.65,18
18,18,Dak Prescott,QB,https://sports.yahoo.com/nfl/players/29369,233.75,19
19,19,Marcus Mariota,QB,https://sports.yahoo.com/nfl/players/28390,235.7,20
20,20,Davis Mills,QB,https://sports.yahoo.com/nfl/players/33455,221.4,21
21,21,Andy Dalton,QB,https://sports.yahoo.com/nfl/players/24822,206.3,22
22,22,Mac Jones,QB,https://sports.yahoo.com/nfl/players/33403,204.6,23
23,23,Jacoby Brissett,QB,https://sports.yahoo.com/nfl/players/29325,208.78,24
24,24,Ryan Tannehill,QB,https://sports.yahoo.com/nfl/players/25718,193.05,25
25,0,Jimmy Garoppolo,QB,https://sports.yahoo.com/nfl/players/27590,193.98,26
26,1,Matt Ryan,QB,https://sports.yahoo.com/nfl/players/8780,197.6,27
27,2,Kenny Pickett,QB,https://sports.yahoo.com/nfl/players/33975,181.83,28
28,3,Taysom Hill,QB,https://sports.yahoo.com/nfl/players/30614,160.0,29
29,4,Baker Mayfield,QB,https://sports.yahoo.com/nfl/players/30971,149.28,30
30,5,Taylor Heinicke,QB,https://sports.yahoo.com/nfl/players/28839,146.95,31
31,6,Carson Wentz,QB,https://sports.yahoo.com/nfl/players/29236,134.5,32
32,7,Matthew Stafford,QB,https://sports.yahoo.com/nfl/players/9265,135.48,33
33,8,Brock Purdy,QB,https://sports.yahoo.com/nfl/players/34218,120.33,34
34,9,Zach Wilson,QB,https://sports.yahoo.com/nfl/players/33390,119.9,35
35,10,Sam Darnold,QB,https://sports.yahoo.com/nfl/players/30973,104.4,36
36,11,Deshaun Watson,QB,https://sports.yahoo.com/nfl/players/30125,100.98,37
37,12,Mitch Trubisky,QB,https://sports.yahoo.com/nfl/players/30115,87.35,38
38,13,Mike White,QB,https://sports.yahoo.com/nfl/players/31141,70.73,39
39,14,Cooper Rush,QB,https://sports.yahoo.com/nfl/players/30788,67.3,40
40,15,Joe Flacco,QB,https://sports.yahoo.com/nfl/players/8795,66.93,41
41,16,Tyler Huntley,QB,https://sports.yahoo.com/nfl/players/32993,60.03,42
42,17,Jarrett Stidham,QB,https://sports.yahoo.com/nfl/players/31965,53.3,43
43,18,Jameis Winston,QB,https://sports.yahoo.com/nfl/players/28389,52.9,44
44,19,Desmond Ridder,QB,https://sports.yahoo.com/nfl/players/34030,51.4,45
45,20,PJ Walker,QB,https://sports.yahoo.com/nfl/players/30538,47.43,46
46,21,Bailey Zappe,QB,https://sports.yahoo.com/nfl/players/34093,52.8,47
47,22,Teddy Bridgewater,QB,https://sports.yahoo.com/nfl/players/27560,45.53,48
48,23,Gardner Minshew,QB,https://sports.yahoo.com/nfl/players/32010,45.53,49
49,24,Sam Ehlinger,QB,https://sports.yahoo.com/nfl/players/33606,45.53,50
50,0,Colt McCoy,QB,https://sports.yahoo.com/nfl/players/24060,41.5,51
51,1,Joshua Dobbs,QB,https://sports.yahoo.com/nfl/players/30248,30.05,52
52,2,Malik Willis,QB,https://sports.yahoo.com/nfl/players/34042,29.18,53
53,3,Brett Rypien,QB,https://sports.yahoo.com/nfl/players/32221,25.03,54
54,4,David Blough,QB,https://sports.yahoo.com/nfl/players/32272,24.73,55
55,5,Davis Webb,QB,https://sports.yahoo.com/nfl/players/30200,23.53,56
56,6,Skylar Thompson,QB,https://sports.yahoo.com/nfl/players/34203,27.33,57
57,7,Kyle Allen,QB,https://sports.yahoo.com/nfl/players/31301,22.43,58
58,8,Sam Howell,QB,https://sports.yahoo.com/nfl/players/34100,20.83,59
59,9,Jeff Driskel,QB,https://sports.yahoo.com/nfl/players/29441,19.78,60
60,10,John Wolford,QB,https://sports.yahoo.com/nfl/players/31803,21.5,61
61,11,Bryce Perkins,QB,https://sports.yahoo.com/nfl/players/33258,19.3,62
62,12,Trace McSorley,QB,https://sports.yahoo.com/nfl/players/32029,18.23,63
63,13,Trey Lance,QB,https://sports.yahoo.com/nfl/players/33391,16.08,64
64,14,Tyrod Taylor,QB,https://sports.yahoo.com/nfl/players/24967,15.65,65
65,15,Nick Mullens,QB,https://sports.yahoo.com/nfl/players/30563,14.2,66
66,16,Jordan Love,QB,https://sports.yahoo.com/nfl/players/32696,13.63,67
67,17,Trevor Siemian,QB,https://sports.yahoo.com/nfl/players/28638,12.2,68
68,18,Chris Streveler,QB,https://sports.yahoo.com/nfl/players/32662,11.25,69
69,19,Anthony Brown,QB,https://sports.yahoo.com/nfl/players/34389,10.48,70
70,20,Nathan Peterman,QB,https://sports.yahoo.com/nfl/players/30284,9.83,71
71,21,Chase Daniel,QB,https://sports.yahoo.com/nfl/players/9678,9.1,72
72,22,Blaine Gabbert,QB,https://sports.yahoo.com/nfl/players/24797,5.45,73
73,23,Nick Foles,QB,https://sports.yahoo.com/nfl/players/25798,4.2,74
74,24,Brian Hoyer,QB,https://sports.yahoo.com/nfl/players/9547,1.85,75
75,0,Kyle Trask,QB,https://sports.yahoo.com/nfl/players/33452,1.15,76
76,1,Brandon Allen,QB,https://sports.yahoo.com/nfl/players/29435,0.98,77
77,2,Jacob Eason,QB,https://sports.yahoo.com/nfl/players/32792,0.95,78
78,3,Josh Johnson,QB,https://sports.yahoo.com/nfl/players/8937,0.88,79
79,4,Case Keenum,QB,https://sports.yahoo.com/nfl/players/26483,0.4,80
80,5,James Morgan,QB,https://sports.yahoo.com/nfl/players/32795,0.0,81
81,6,Jake Luton,QB,https://sports.yahoo.com/nfl/players/32859,0.0,82
82,7,Ben DiNucci,QB,https://sports.yahoo.com/nfl/players/32901,0.0,83
83,8,Brian Lewerke,QB,https://sports.yahoo.com/nfl/players/33015,0.0,84
84,9,Steven Montez,QB,https://sports.yahoo.com/nfl/players/33207,0.0,85
85,10,Anthony Gordon,QB,https://sports.yahoo.com/nfl/players/33266,0.0,86
86,11,Reid Sinnett,QB,https://sports.yahoo.com/nfl/players/33279,0.0,87
87,12,Kellen Mond,QB,https://sports.yahoo.com/nfl/players/33454,0.0,88
88,13,Kevin Hogan,QB,https://sports.yahoo.com/nfl/players/29396,0.0,89
89,14,Ian Book,QB,https://sports.yahoo.com/nfl/players/33521,0.0,90
90,15,Feleipe Franks,QB,https://sports.yahoo.com/nfl/players/33729,0.0,91
91,16,Shane Buechele,QB,https://sports.yahoo.com/nfl/players/33879,0.0,92
92,17,K.J. Costello,QB,https://sports.yahoo.com/nfl/players/33931,0.0,93
93,18,Ryan Willis,QB,https://sports.yahoo.com/nfl/players/33944,0.0,94
94,19,Matt Corral,QB,https://sports.yahoo.com/nfl/players/34050,0.0,95
95,20,Chris Oladokun,QB,https://sports.yahoo.com/nfl/players/34197,0.0,96
96,21,Davis Cheek,QB,https://sports.yahoo.com/nfl/players/34220,0.0,97
97,22,Cole Kelley,QB,https://sports.yahoo.com/nfl/players/34275,0.0,98
98,23,E.J. Perry,QB,https://sports.yahoo.com/nfl/players/34346,0.0,99
99,24,Carson Strong,QB,https://sports.yahoo.com/nfl/players/34385,0.0,100
100,0,Levi Lewis,QB,https://sports.yahoo.com/nfl/players/34405,0.0,101
101,1,D'Eriq King,QB,https://sports.yahoo.com/nfl/players/34425,0.0,102
102,2,Dustin Crum,QB,https://sports.yahoo.com/nfl/players/34433,0.0,103
103,3,Jack Coan,QB,https://sports.yahoo.com/nfl/players/34481,0.0,104
104,4,Chase Garbers,QB,https://sports.yahoo.com/nfl/players/34545,0.0,105
105,5,Felix Harper,QB,https://sports.yahoo.com/nfl/players/34612,0.0,106
106,6,Brandon Peters,QB,https://sports.yahoo.com/nfl/players/34634,0.0,107
107,7,Jarrett Guarantano,QB,https://sports.yahoo.com/nfl/players/34689,0.0,108
108,8,Drew Plitt,QB,https://sports.yahoo.com/nfl/players/34707,0.0,109
109,9,Matt Barkley,QB,https://sports.yahoo.com/nfl/players/26721,0.0,110
110,10,Kyle Sloter,QB,https://sports.yahoo.com/nfl/players/30822,0.0,111
111,11,Josh Rosen,QB,https://sports.yahoo.com/nfl/players/30980,0.0,112
112,12,Ryan Griffin,QB,https://sports.yahoo.com/nfl/players/26949,0.0,113
113,13,Mason Rudolph,QB,https://sports.yahoo.com/nfl/players/31046,0.0,114
114,14,Danny Etling,QB,https://sports.yahoo.com/nfl/players/31189,0.0,115
115,15,Logan Woodside,QB,https://sports.yahoo.com/nfl/players/31219,0.0,116
116,16,Kurt Benkert,QB,https://sports.yahoo.com/nfl/players/31336,0.0,117
117,17,Blake Bortles,QB,https://sports.yahoo.com/nfl/players/27531,0.0,118
118,18,Luis Perez,QB,https://sports.yahoo.com/nfl/players/31734,0.0,119
119,19,Garrett Gilbert,QB,https://sports.yahoo.com/nfl/players/27742,0.0,120
120,20,Drew Lock,QB,https://sports.yahoo.com/nfl/players/31874,0.0,121
121,21,Will Grier,QB,https://sports.yahoo.com/nfl/players/31932,0.0,122
122,22,Easton Stick,QB,https://sports.yahoo.com/nfl/players/31998,0.0,123
123,23,Ryan Fitzpatrick,QB,https://sports.yahoo.com/nfl/players/7426,0.0,124
124,24,Jake Browning,QB,https://sports.yahoo.com/nfl/players/32138,0.0,125
125,0,Sean Mannion,QB,https://sports.yahoo.com/nfl/players/28477,0.0,126
126,1,Brett Hundley,QB,https://sports.yahoo.com/nfl/players/28535,0.0,127
127,2,Nate Sudfeld,QB,https://sports.yahoo.com/nfl/players/29421,-0.5,128
128,3,Chad Henne,QB,https://sports.yahoo.com/nfl/players/8834,-0.63,129
129,4,C.J. Beathard,QB,https://sports.yahoo.com/nfl/players/30217,-0.75,130
130,5,Tim Boyle,QB,https://sports.yahoo.com/nfl/players/31431,-2.6,131
131,0,Justin Jefferson,WR,https://sports.yahoo.com/nfl/players/32692,350.83,1
132,1,Tyreek Hill,WR,https://sports.yahoo.com/nfl/players/29399,331.25,2
133,2,Davante Adams,WR,https://sports.yahoo.com/nfl/players/27581,323.38,3
134,3,Stefon Diggs,WR,https://sports.yahoo.com/nfl/players/28534,298.25,4
135,4,A.J. Brown,WR,https://sports.yahoo.com/nfl/players/31883,297.0,5
136,5,CeeDee Lamb,WR,https://sports.yahoo.com/nfl/players/32687,283.25,6
137,6,Jaylen Waddle,WR,https://sports.yahoo.com/nfl/players/33394,258.25,7
138,7,Amon-Ra St. Brown,WR,https://sports.yahoo.com/nfl/players/33500,246.0,8
139,8,DeVonta Smith,WR,https://sports.yahoo.com/nfl/players/33398,239.0,9
140,9,Amari Cooper,WR,https://sports.yahoo.com/nfl/players/28392,236.0,10
141,10,Christian Kirk,WR,https://sports.yahoo.com/nfl/players/31017,229.88,11
142,11,Ja'Marr Chase,WR,https://sports.yahoo.com/nfl/players/33393,229.25,12
143,12,Tyler Lockett,WR,https://sports.yahoo.com/nfl/players/28457,225.13,13
144,13,Terry McLaurin,WR,https://sports.yahoo.com/nfl/players/31908,221.0,14
145,14,Mike Evans,WR,https://sports.yahoo.com/nfl/players/27535,215.0,15
146,15,Brandon Aiyuk,WR,https://sports.yahoo.com/nfl/players/32695,216.75,16
147,16,Tee Higgins,WR,https://sports.yahoo.com/nfl/players/32703,209.63,17
148,17,DK Metcalf,WR,https://sports.yahoo.com/nfl/players/31896,212.0,18
149,18,Garrett Wilson,WR,https://sports.yahoo.com/nfl/players/33965,203.88,19
150,19,Chris Godwin,WR,https://sports.yahoo.com/nfl/players/30197,200.5,20
151,20,Jerry Jeudy,WR,https://sports.yahoo.com/nfl/players/32685,196.0,21
152,21,DJ Moore,WR,https://sports.yahoo.com/nfl/players/30994,191.13,22
153,22,Michael Pittman Jr.,WR,https://sports.yahoo.com/nfl/players/32704,192.88,23
154,23,Chris Olave,WR,https://sports.yahoo.com/nfl/players/33966,192.25,24
155,24,Cooper Kupp,WR,https://sports.yahoo.com/nfl/players/30182,187.5,25
156,0,Zay Jones,WR,https://sports.yahoo.com/nfl/players/30150,178.13,26
157,1,JuJu Smith-Schuster,WR,https://sports.yahoo.com/nfl/players/30175,173.63,27
158,2,Gabe Davis,WR,https://sports.yahoo.com/nfl/players/32798,170.5,28
159,3,Jakobi Meyers,WR,https://sports.yahoo.com/nfl/players/32231,170.63,29
160,4,Drake London,WR,https://sports.yahoo.com/nfl/players/33963,170.25,30
161,5,Mike Williams,WR,https://sports.yahoo.com/nfl/players/30120,167.38,31
162,6,Curtis Samuel,WR,https://sports.yahoo.com/nfl/players/30153,167.38,32
163,7,Allen Lazard,WR,https://sports.yahoo.com/nfl/players/31268,164.5,33
164,8,Deebo Samuel,WR,https://sports.yahoo.com/nfl/players/31868,166.0,34
165,9,Adam Thielen,WR,https://sports.yahoo.com/nfl/players/27277,163.0,35
166,10,George Pickens,WR,https://sports.yahoo.com/nfl/players/34007,161.13,36
167,11,Christian Watson,WR,https://sports.yahoo.com/nfl/players/33989,160.88,37
168,12,Diontae Johnson,WR,https://sports.yahoo.com/nfl/players/31898,160.38,38
169,13,Donovan Peoples-Jones,WR,https://sports.yahoo.com/nfl/players/32857,159.63,39
170,14,Tyler Boyd,WR,https://sports.yahoo.com/nfl/players/29288,157.4,40
171,15,Joshua Palmer,WR,https://sports.yahoo.com/nfl/players/33465,152.63,41
172,16,Keenan Allen,WR,https://sports.yahoo.com/nfl/players/26699,152.0,42
173,17,Courtland Sutton,WR,https://sports.yahoo.com/nfl/players/31010,148.25,43
174,18,Mack Hollins,WR,https://sports.yahoo.com/nfl/players/30231,143.95,44
175,19,K.J. Osborn,WR,https://sports.yahoo.com/nfl/players/32846,142.0,45
176,20,Marquise Brown,WR,https://sports.yahoo.com/nfl/players/31857,140.25,46
177,21,DeAndre Hopkins,WR,https://sports.yahoo.com/nfl/players/26650,139.63,47
178,22,Brandin Cooks,WR,https://sports.yahoo.com/nfl/players/27548,134.75,48
179,23,Parris Campbell,WR,https://sports.yahoo.com/nfl/players/31891,134.63,49
180,24,Jahan Dotson,WR,https://sports.yahoo.com/nfl/players/33971,126.0,50
181,0,Darius Slayton,WR,https://sports.yahoo.com/nfl/players/32003,125.5,51
182,1,Marquez Valdes-Scantling,WR,https://sports.yahoo.com/nfl/players/31144,118.5,52
183,2,Richie James,WR,https://sports.yahoo.com/nfl/players/31210,124.38,53
184,3,Isaiah McKenzie,WR,https://sports.yahoo.com/nfl/players/30285,110.75,54
185,4,Devin Duvernay,WR,https://sports.yahoo.com/nfl/players/32762,109.88,55
186,5,Kalif Raymond,WR,https://sports.yahoo.com/nfl/players/29631,111.0,56
187,6,Russell Gage,WR,https://sports.yahoo.com/nfl/players/31164,110.75,57
188,7,Marvin Jones Jr.,WR,https://sports.yahoo.com/nfl/players/25876,107.13,58
189,8,Noah Brown,WR,https://sports.yahoo.com/nfl/players/30352,108.88,59
190,9,Alec Pierce,WR,https://sports.yahoo.com/nfl/players/34008,106.63,60
191,10,Chris Moore,WR,https://sports.yahoo.com/nfl/players/29341,104.88,61
192,11,DeAndre Carter,WR,https://sports.yahoo.com/nfl/players/28947,106.38,62
193,12,Olamide Zaccheaus,WR,https://sports.yahoo.com/nfl/players/32123,105.5,63
194,13,Robert Woods,WR,https://sports.yahoo.com/nfl/players/26664,104.38,64
195,14,DeVante Parker,WR,https://sports.yahoo.com/nfl/players/28402,100.88,65
196,15,Rashid Shaheed,WR,https://sports.yahoo.com/nfl/players/34659,100.13,66
197,16,Greg Dortch,WR,https://sports.yahoo.com/nfl/players/32523,101.88,67
198,17,Josh Reynolds,WR,https://sports.yahoo.com/nfl/players/30230,96.88,68
199,18,Chase Claypool,WR,https://sports.yahoo.com/nfl/players/32719,96.8,69
200,19,Michael Gallup,WR,https://sports.yahoo.com/nfl/players/31051,96.5,70
201,20,DJ Chark,WR,https://sports.yahoo.com/nfl/players/31031,95.75,71
202,21,Corey Davis,WR,https://sports.yahoo.com/nfl/players/30118,95.0,72
203,22,Darnell Mooney,WR,https://sports.yahoo.com/nfl/players/32843,93.88,73
204,23,Demarcus Robinson,WR,https://sports.yahoo.com/nfl/players/29360,93.25,74
205,24,Isaiah Hodgins,WR,https://sports.yahoo.com/nfl/players/32877,93.5,75
206,0,Romeo Doubs,WR,https://sports.yahoo.com/nfl/players/34088,93.5,76
207,1,Nico Collins,WR,https://sports.yahoo.com/nfl/players/33477,90.63,77
208,2,Treylon Burks,WR,https://sports.yahoo.com/nfl/players/33973,89.88,78
209,3,Mecole Hardman,WR,https://sports.yahoo.com/nfl/players/31888,89.5,79
210,4,Marquise Goodwin,WR,https://sports.yahoo.com/nfl/players/26701,86.5,80
211,5,Kendrick Bourne,WR,https://sports.yahoo.com/nfl/players/30551,82.63,81
212,6,Terrace Marshall Jr.,WR,https://sports.yahoo.com/nfl/players/33447,81.25,82
213,7,Elijah Moore,WR,https://sports.yahoo.com/nfl/players/33422,80.88,83
214,8,Nick Westbrook-Ikhine,WR,https://sports.yahoo.com/nfl/players/33348,80.13,84
215,9,Trent Sherfield,WR,https://sports.yahoo.com/nfl/players/31320,79.13,85
216,10,Rondale Moore,WR,https://sports.yahoo.com/nfl/players/33437,77.63,86
217,11,Quez Watkins,WR,https://sports.yahoo.com/nfl/players/32870,78.88,87
218,12,Allen Robinson II,WR,https://sports.yahoo.com/nfl/players/27589,76.88,88
219,13,Van Jefferson,WR,https://sports.yahoo.com/nfl/players/32727,76.13,89
220,14,Jauan Jennings,WR,https://sports.yahoo.com/nfl/players/32887,75.5,90
221,15,Randall Cobb,WR,https://sports.yahoo.com/nfl/players/24851,75.13,91
222,16,Ben Skowronek,WR,https://sports.yahoo.com/nfl/players/33637,74.63,92
223,17,Hunter Renfrow,WR,https://sports.yahoo.com/nfl/players/31981,71.25,93
224,18,Nelson Agholor,WR,https://sports.yahoo.com/nfl/players/28408,72.75,94
225,19,Laviska Shenault Jr.,WR,https://sports.yahoo.com/nfl/players/32712,67.63,95
226,20,Julio Jones,WR,https://sports.yahoo.com/nfl/players/24793,67.0,96
227,21,Jamal Agnew,WR,https://sports.yahoo.com/nfl/players/30278,65.63,97
228,22,Equanimeous St. Brown,WR,https://sports.yahoo.com/nfl/players/31177,63.63,98
229,23,Dante Pettis,WR,https://sports.yahoo.com/nfl/players/31014,62.75,99
230,24,Tutu Atwell,WR,https://sports.yahoo.com/nfl/players/33445,62.5,100
231,0,Tyquan Thornton,WR,https://sports.yahoo.com/nfl/players/34005,61.88,101
232,1,Trenton Irwin,WR,https://sports.yahoo.com/nfl/players/32438,61.75,102
233,2,Ray-Ray McCloud III,WR,https://sports.yahoo.com/nfl/players/31157,59.13,103
234,3,Justin Watson,WR,https://sports.yahoo.com/nfl/players/31114,58.88,104
235,4,Shi Smith,WR,https://sports.yahoo.com/nfl/players/33592,60.0,105
236,5,Kadarius Toney,WR,https://sports.yahoo.com/nfl/players/33408,57.63,106
237,6,A.J. Green,WR,https://sports.yahoo.com/nfl/players/24791,55.5,107
238,7,Braxton Berrios,WR,https://sports.yahoo.com/nfl/players/31180,54.6,108
239,8,Jarvis Landry,WR,https://sports.yahoo.com/nfl/players/27591,54.5,109
240,9,Rashod Bateman,WR,https://sports.yahoo.com/nfl/players/33415,55.13,110
241,10,Kendall Hinton,WR,https://sports.yahoo.com/nfl/players/32929,52.5,111
242,11,Damiere Byrd,WR,https://sports.yahoo.com/nfl/players/28730,52.0,112
243,12,Tre'Quan Smith,WR,https://sports.yahoo.com/nfl/players/31061,50.25,113
244,13,Robbie Anderson,WR,https://sports.yahoo.com/nfl/players/29785,51.25,114
245,14,Sammy Watkins,WR,https://sports.yahoo.com/nfl/players/27532,48.63,115
246,15,Phillip Dorsett,WR,https://sports.yahoo.com/nfl/players/28417,48.13,116
247,16,Michael Thomas,WR,https://sports.yahoo.com/nfl/players/29281,47.38,117
248,17,Wan'Dale Robinson,WR,https://sports.yahoo.com/nfl/players/33998,45.75,118
249,18,Brandon Powell,WR,https://sports.yahoo.com/nfl/players/31641,41.5,119
250,19,Ashton Dulin,WR,https://sports.yahoo.com/nfl/players/32292,40.38,120
251,20,KhaDarel Hodge,WR,https://sports.yahoo.com/nfl/players/31769,39.75,121
252,21,Skyy Moore,WR,https://sports.yahoo.com/nfl/players/34009,45.25,122
253,22,David Bell,WR,https://sports.yahoo.com/nfl/players/34055,38.75,123
254,23,Velus Jones Jr.,WR,https://sports.yahoo.com/nfl/players/34027,41.75,124
255,24,Amari Rodgers,WR,https://sports.yahoo.com/nfl/players/33473,40.38,125
256,0,Scotty Miller,WR,https://sports.yahoo.com/nfl/players/32040,35.63,126
257,1,Dyami Brown,WR,https://sports.yahoo.com/nfl/players/33470,34.25,127
258,2,Byron Pringle,WR,https://sports.yahoo.com/nfl/players/31496,33.88,128
259,3,Marquez Callaway,WR,https://sports.yahoo.com/nfl/players/33109,33.75,129
260,4,Khalil Shakir,WR,https://sports.yahoo.com/nfl/players/34104,33.13,130
261,5,Jalen Nailor,WR,https://sports.yahoo.com/nfl/players/34147,32.88,131
262,6,Zach Pascal,WR,https://sports.yahoo.com/nfl/players/30502,32.25,132
263,7,Sterling Shepard,WR,https://sports.yahoo.com/nfl/players/29274,31.75,133
264,8,River Cracraft,WR,https://sports.yahoo.com/nfl/players/30955,29.25,134
265,9,Steven Sims,WR,https://sports.yahoo.com/nfl/players/32187,28.75,135
266,10,Denzel Mims,WR,https://sports.yahoo.com/nfl/players/32729,28.75,136
267,11,Keelan Cole,WR,https://sports.yahoo.com/nfl/players/30396,28.63,137
268,12,Lawrence Cager,WR,https://sports.yahoo.com/nfl/players/33329,27.25,138
269,13,KJ Hamler,WR,https://sports.yahoo.com/nfl/players/32716,27.0,139
270,14,Jalen Reagor,WR,https://sports.yahoo.com/nfl/players/32691,26.13,140
271,15,Cedrick Wilson Jr.,WR,https://sports.yahoo.com/nfl/players/31178,24.0,141
272,16,N'Keal Harry,WR,https://sports.yahoo.com/nfl/players/31864,24.0,142
273,17,DeSean Jackson,WR,https://sports.yahoo.com/nfl/players/8826,23.63,143
274,18,Tom Kennedy,WR,https://sports.yahoo.com/nfl/players/32561,21.63,144
275,19,Anthony Schwartz,WR,https://sports.yahoo.com/nfl/players/33479,21.5,145
276,20,Breshad Perriman,WR,https://sports.yahoo.com/nfl/players/28414,23.38,146
277,21,Jeff Smith,WR,https://sports.yahoo.com/nfl/players/32533,20.75,147
278,22,Kenny Golladay,WR,https://sports.yahoo.com/nfl/players/30209,19.13,148
279,23,Samori Toure,WR,https://sports.yahoo.com/nfl/players/34214,18.75,149
280,24,David Sills V,WR,https://sports.yahoo.com/nfl/players/32418,18.75,150
281,0,T.Y. Hilton,WR,https://sports.yahoo.com/nfl/players/25802,18.63,151
282,1,Marcus Johnson,WR,https://sports.yahoo.com/nfl/players/29678,16.88,152
283,2,Jameson Williams,WR,https://sports.yahoo.com/nfl/players/33967,16.63,153
284,3,Michael Bandy,WR,https://sports.yahoo.com/nfl/players/33928,16.13,154
285,4,Cam Sims,WR,https://sports.yahoo.com/nfl/players/31405,15.13,155
286,5,Jalen Virgil,WR,https://sports.yahoo.com/nfl/players/34579,16.38,156
287,6,Brandon Johnson,WR,https://sports.yahoo.com/nfl/players/34571,14.25,157
288,7,Dax Milne,WR,https://sports.yahoo.com/nfl/players/33645,13.63,158
289,8,Dee Eskridge,WR,https://sports.yahoo.com/nfl/players/33444,12.0,159
290,9,Gunner Olszewski,WR,https://sports.yahoo.com/nfl/players/32612,14.0,160
291,10,John Brown,WR,https://sports.yahoo.com/nfl/players/27619,11.75,161
292,11,Freddie Swain,WR,https://sports.yahoo.com/nfl/players/32884,11.25,162
293,12,Trent Taylor,WR,https://sports.yahoo.com/nfl/players/30290,12.63,163
294,13,Jamison Crowder,WR,https://sports.yahoo.com/nfl/players/28493,10.5,164
295,14,Kevin White,WR,https://sports.yahoo.com/nfl/players/28395,10.25,165
296,15,Jake Kumerow,WR,https://sports.yahoo.com/nfl/players/28974,10.0,166
297,16,James Proche II,WR,https://sports.yahoo.com/nfl/players/32871,9.75,167
298,17,Kyle Philips,WR,https://sports.yahoo.com/nfl/players/34119,13.75,168
299,18,Deven Thompkins,WR,https://sports.yahoo.com/nfl/players/34520,9.75,169
300,19,Andre Baccellia,WR,https://sports.yahoo.com/nfl/players/32943,9.13,170
301,20,Ty Montgomery,WR,https://sports.yahoo.com/nfl/players/28482,9.13,171
302,21,Jalen Guyton,WR,https://sports.yahoo.com/nfl/players/32201,9.0,172
303,22,Mike Strachan,WR,https://sports.yahoo.com/nfl/players/33620,8.88,173
304,23,Laquon Treadwell,WR,https://sports.yahoo.com/nfl/players/29257,8.25,174
305,24,Cody Hollister,WR,https://sports.yahoo.com/nfl/players/30660,8.25,175
306,0,Mike Thomas,WR,https://sports.yahoo.com/nfl/players/29440,7.75,176
307,1,Chris Conley,WR,https://sports.yahoo.com/nfl/players/28464,7.75,177
308,2,Michael Woods II,WR,https://sports.yahoo.com/nfl/players/34158,7.5,178
309,3,Cole Beasley,WR,https://sports.yahoo.com/nfl/players/26060,7.38,179
310,4,Racey McMath,WR,https://sports.yahoo.com/nfl/players/33593,6.5,180
311,5,Tylan Wallace,WR,https://sports.yahoo.com/nfl/players/33519,6.13,181
312,6,Tim Jones,WR,https://sports.yahoo.com/nfl/players/33649,5.25,182
313,7,Tyrie Cleveland,WR,https://sports.yahoo.com/nfl/players/32922,4.5,183
314,8,Jaelon Darden,WR,https://sports.yahoo.com/nfl/players/33517,4.5,184
315,9,Simi Fehoko,WR,https://sports.yahoo.com/nfl/players/33567,4.5,185
316,10,Stone Smartt,WR,https://sports.yahoo.com/nfl/players/34637,4.13,186
317,11,Daylen Baldwin,WR,https://sports.yahoo.com/nfl/players/34713,4.13,187
318,12,Dezmon Patmon,WR,https://sports.yahoo.com/nfl/players/32882,4.0,188
319,13,Montrell Washington,WR,https://sports.yahoo.com/nfl/players/34118,6.0,189
320,14,Dareke Young,WR,https://sports.yahoo.com/nfl/players/34189,4.0,190
321,15,Penny Hart,WR,https://sports.yahoo.com/nfl/players/32293,4.0,191
322,16,KaVontae Turpin,WR,https://sports.yahoo.com/nfl/players/34709,3.75,192
323,17,Andy Isabella,WR,https://sports.yahoo.com/nfl/players/31894,3.75,193
324,18,Pharoh Cooper,WR,https://sports.yahoo.com/nfl/players/29351,3.63,194
325,19,Cade Johnson,WR,https://sports.yahoo.com/nfl/players/33858,3.63,195
326,20,Lil'Jordan Humphrey,WR,https://sports.yahoo.com/nfl/players/32494,3.5,196
327,21,Bryan Edwards,WR,https://sports.yahoo.com/nfl/players/32751,3.38,197
328,22,DJ Turner,WR,https://sports.yahoo.com/nfl/players/33813,3.25,198
329,23,Keith Kirkwood,WR,https://sports.yahoo.com/nfl/players/31517,3.25,199
330,24,Dennis Houston,WR,https://sports.yahoo.com/nfl/players/34592,3.0,200
331,0,Quintez Cephus,WR,https://sports.yahoo.com/nfl/players/32836,2.88,201
332,1,Danny Gray,WR,https://sports.yahoo.com/nfl/players/34061,2.88,202
333,2,Nsimba Webster,WR,https://sports.yahoo.com/nfl/players/32137,2.75,203
334,3,Austin Trammell,WR,https://sports.yahoo.com/nfl/players/33745,2.63,204
335,4,Juwann Winfree,WR,https://sports.yahoo.com/nfl/players/32019,2.63,205
336,5,Jalen Tolbert,WR,https://sports.yahoo.com/nfl/players/34044,2.5,206
337,6,Frank Darby,WR,https://sports.yahoo.com/nfl/players/33575,2.38,207
338,7,Miles Boykin,WR,https://sports.yahoo.com/nfl/players/31925,2.38,208
339,8,Tyron Johnson,WR,https://sports.yahoo.com/nfl/players/32511,1.5,209
340,9,Jalen Camp,WR,https://sports.yahoo.com/nfl/players/33597,1.38,210
341,10,Maurice Alexander,WR,https://sports.yahoo.com/nfl/players/34712,1.38,211
342,11,C.J. Board,WR,https://sports.yahoo.com/nfl/players/30513,1.25,212
343,12,Braylon Sanders,WR,https://sports.yahoo.com/nfl/players/34534,3.13,213
344,13,Jason Moore Jr.,WR,https://sports.yahoo.com/nfl/players/32547,1.13,214
345,14,Keke Coutee,WR,https://sports.yahoo.com/nfl/players/31073,3.0,215
346,15,Mason Kinsey,WR,https://sports.yahoo.com/nfl/players/33351,0.88,216
347,16,Erik Ezukanma,WR,https://sports.yahoo.com/nfl/players/34081,0.88,217
348,17,Cody White,WR,https://sports.yahoo.com/nfl/players/32948,0.75,218
349,18,Deonte Harty,WR,https://sports.yahoo.com/nfl/players/32398,2.63,219
350,19,Ihmir Smith-Marsette,WR,https://sports.yahoo.com/nfl/players/33545,2.25,220
351,20,Tyrell Williams,WR,https://sports.yahoo.com/nfl/players/28691,0.0,221
352,21,Antonio Gandy-Golden,WR,https://sports.yahoo.com/nfl/players/32812,0.0,222
353,22,Joe Reed,WR,https://sports.yahoo.com/nfl/players/32821,0.0,223
354,23,Tyler Johnson,WR,https://sports.yahoo.com/nfl/players/32831,0.0,224
355,24,Collin Johnson,WR,https://sports.yahoo.com/nfl/players/32835,0.0,225
356,0,John Hightower,WR,https://sports.yahoo.com/nfl/players/32838,0.0,226
357,1,Isaiah Coulter,WR,https://sports.yahoo.com/nfl/players/32841,0.0,227
358,2,Malcolm Perry,WR,https://sports.yahoo.com/nfl/players/32916,0.0,228
359,3,Maurice Ffrench,WR,https://sports.yahoo.com/nfl/players/32944,0.0,229
360,4,Jeff Cotton,WR,https://sports.yahoo.com/nfl/players/32978,0.0,230
361,5,Jaylon Moore,WR,https://sports.yahoo.com/nfl/players/33001,0.0,231
362,6,Isaiah Zuber,WR,https://sports.yahoo.com/nfl/players/33020,0.0,232
363,7,Dan Chisena,WR,https://sports.yahoo.com/nfl/players/33023,0.0,233
364,8,Derrick Dillon,WR,https://sports.yahoo.com/nfl/players/33038,0.0,234
365,9,Austin Mack,WR,https://sports.yahoo.com/nfl/players/33039,0.0,235
366,10,Binjimen Victor,WR,https://sports.yahoo.com/nfl/players/33040,0.0,236
367,11,Juwan Green,WR,https://sports.yahoo.com/nfl/players/33057,0.0,237
368,12,Jalen McCleskey,WR,https://sports.yahoo.com/nfl/players/33063,0.0,238
369,13,Aaron Parker,WR,https://sports.yahoo.com/nfl/players/33095,0.0,239
370,14,Josh Hammond,WR,https://sports.yahoo.com/nfl/players/33127,0.0,240
371,15,Omar Bayless,WR,https://sports.yahoo.com/nfl/players/33132,0.0,241
372,16,Chris Finke,WR,https://sports.yahoo.com/nfl/players/33196,0.0,242
373,17,DeMichael Harris,WR,https://sports.yahoo.com/nfl/players/33215,0.0,243
374,18,Matt Cole,WR,https://sports.yahoo.com/nfl/players/33236,0.0,244
375,19,Kirk Merritt,WR,https://sports.yahoo.com/nfl/players/33242,0.0,245
376,20,Trishton Jackson,WR,https://sports.yahoo.com/nfl/players/33253,0.0,246
377,21,J.J. Koski,WR,https://sports.yahoo.com/nfl/players/33254,0.0,247
378,22,Aaron Fuller,WR,https://sports.yahoo.com/nfl/players/33267,0.0,248
379,23,Travis Jonsen,WR,https://sports.yahoo.com/nfl/players/33274,0.0,249
380,24,John Hurst,WR,https://sports.yahoo.com/nfl/players/33295,0.0,250
381,0,Easop Winston Jr.,WR,https://sports.yahoo.com/nfl/players/33299,0.0,251
382,1,Ja'Marcus Bradley,WR,https://sports.yahoo.com/nfl/players/33302,0.0,252
383,2,Corey Coleman,WR,https://sports.yahoo.com/nfl/players/29249,0.0,253
384,3,Kristian Wilkerson,WR,https://sports.yahoo.com/nfl/players/33349,0.0,254
385,4,Will Fuller V,WR,https://sports.yahoo.com/nfl/players/29255,0.0,255
386,5,Chris Blair,WR,https://sports.yahoo.com/nfl/players/33376,0.0,256
387,6,Mathew Sexton,WR,https://sports.yahoo.com/nfl/players/33384,0.0,257
388,7,Tajae Sharpe,WR,https://sports.yahoo.com/nfl/players/29374,0.0,258
389,8,Dez Fitzpatrick,WR,https://sports.yahoo.com/nfl/players/33497,0.0,259
390,9,Rashard Higgins,WR,https://sports.yahoo.com/nfl/players/29406,0.0,260
391,10,Matt Slater,WR,https://sports.yahoo.com/nfl/players/8930,0.0,261
392,11,Jakeem Grant Sr.,WR,https://sports.yahoo.com/nfl/players/29420,0.0,262
393,12,Cody Core,WR,https://sports.yahoo.com/nfl/players/29433,0.0,263
394,13,Cornell Powell,WR,https://sports.yahoo.com/nfl/players/33569,0.0,264
395,14,Marquez Stevenson,WR,https://sports.yahoo.com/nfl/players/33591,0.0,265
396,15,Seth Williams,WR,https://sports.yahoo.com/nfl/players/33607,0.0,266
397,16,Dazz Newsome,WR,https://sports.yahoo.com/nfl/players/33609,0.0,267
398,17,Tre Nixon,WR,https://sports.yahoo.com/nfl/players/33630,0.0,268
399,18,Marken Michel,WR,https://sports.yahoo.com/nfl/players/29540,0.0,269
400,19,Kawaan Baker,WR,https://sports.yahoo.com/nfl/players/33642,0.0,270
401,20,Rico Bussey,WR,https://sports.yahoo.com/nfl/players/33658,0.0,271
402,21,Landen Akers,WR,https://sports.yahoo.com/nfl/players/33664,0.0,272
403,22,T.J. Vasher,WR,https://sports.yahoo.com/nfl/players/33709,0.0,273
404,23,Brandon Smith,WR,https://sports.yahoo.com/nfl/players/33710,0.0,274
405,24,Osirus Mitchell,WR,https://sports.yahoo.com/nfl/players/33711,0.0,275
406,0,Bailey Gaither,WR,https://sports.yahoo.com/nfl/players/33754,0.0,276
407,1,Javon McKinley,WR,https://sports.yahoo.com/nfl/players/33770,0.0,277
408,2,Sage Surratt,WR,https://sports.yahoo.com/nfl/players/33773,0.0,278
409,3,Myron Mitchell,WR,https://sports.yahoo.com/nfl/players/33780,0.0,279
410,4,Blake Proehl,WR,https://sports.yahoo.com/nfl/players/33783,0.0,280
411,5,Tarik Black,WR,https://sports.yahoo.com/nfl/players/33797,0.0,281
412,6,Alex Erickson,WR,https://sports.yahoo.com/nfl/players/29703,0.0,282
413,7,Tyler Vaughns,WR,https://sports.yahoo.com/nfl/players/33800,0.0,283
414,8,Dillon Stoner,WR,https://sports.yahoo.com/nfl/players/33812,0.0,284
415,9,Geronimo Allison,WR,https://sports.yahoo.com/nfl/players/29719,0.0,285
416,10,Austin Watkins Jr.,WR,https://sports.yahoo.com/nfl/players/33830,0.0,286
417,11,Pooka Williams Jr.,WR,https://sports.yahoo.com/nfl/players/33850,0.0,287
418,12,Connor Wedington,WR,https://sports.yahoo.com/nfl/players/33864,0.0,288
419,13,Damon Hazelton,WR,https://sports.yahoo.com/nfl/players/33875,0.0,289
420,14,Warren Jackson,WR,https://sports.yahoo.com/nfl/players/33897,0.0,290
421,15,C.J. Saunders,WR,https://sports.yahoo.com/nfl/players/33921,0.0,291
422,16,Travis Toivonen,WR,https://sports.yahoo.com/nfl/players/33923,0.0,292
423,17,Brayden Lenius,WR,https://sports.yahoo.com/nfl/players/33946,0.0,293
424,18,DeVonte Dedmon,WR,https://sports.yahoo.com/nfl/players/33951,0.0,294
425,19,Devon Allen,WR,https://sports.yahoo.com/nfl/players/33953,0.0,295
426,20,Mohamed Sanu,WR,https://sports.yahoo.com/nfl/players/25793,0.0,296
427,21,John Metchie III,WR,https://sports.yahoo.com/nfl/players/33999,0.0,297
428,22,Calvin Austin III,WR,https://sports.yahoo.com/nfl/players/34094,0.0,298
429,23,Marvin Hall,WR,https://sports.yahoo.com/nfl/players/30023,0.0,299
430,24,Bo Melton,WR,https://sports.yahoo.com/nfl/players/34185,0.0,300
431,0,Cyril Grayson Jr.,WR,https://sports.yahoo.com/nfl/players/30111,0.0,301
432,1,Ra'Shaun Henry,WR,https://sports.yahoo.com/nfl/players/34223,0.0,302
433,2,Talolo Limu-Jones,WR,https://sports.yahoo.com/nfl/players/34224,0.0,303
434,3,Andrew Parchment,WR,https://sports.yahoo.com/nfl/players/34228,0.0,304
435,4,Charleston Rambo,WR,https://sports.yahoo.com/nfl/players/34229,0.0,305
436,5,Derek Wright,WR,https://sports.yahoo.com/nfl/players/34231,0.0,306
437,6,Thomas Hennigan,WR,https://sports.yahoo.com/nfl/players/34233,0.0,307
438,7,Tre Turner,WR,https://sports.yahoo.com/nfl/players/34238,0.0,308
439,8,Kevin Austin Jr.,WR,https://sports.yahoo.com/nfl/players/34242,0.0,309
440,9,LuJuan Winningham,WR,https://sports.yahoo.com/nfl/players/34255,0.0,310
441,10,Danny Davis,WR,https://sports.yahoo.com/nfl/players/34260,0.0,311
442,11,Jequez Ezzard,WR,https://sports.yahoo.com/nfl/players/34270,0.0,312
443,12,Kyric McGowan,WR,https://sports.yahoo.com/nfl/players/34276,0.0,313
444,13,Jared Bernhardt,WR,https://sports.yahoo.com/nfl/players/34284,0.0,314
445,14,Stanley Berryhill,WR,https://sports.yahoo.com/nfl/players/34285,0.0,315
446,15,Tyshaun James,WR,https://sports.yahoo.com/nfl/players/34290,0.0,316
447,16,Dai'Jean Dixon,WR,https://sports.yahoo.com/nfl/players/34297,0.0,317
448,17,Changa Hodge,WR,https://sports.yahoo.com/nfl/players/34303,0.0,318
449,18,Jontre Kirklin,WR,https://sports.yahoo.com/nfl/players/34306,0.0,319
450,19,JaVonta Payton,WR,https://sports.yahoo.com/nfl/players/34308,0.0,320
451,20,Stephon Robinson Jr.,WR,https://sports.yahoo.com/nfl/players/34311,0.0,321
452,21,Taysir Mack,WR,https://sports.yahoo.com/nfl/players/34318,0.0,322
453,22,Tay Martin,WR,https://sports.yahoo.com/nfl/players/34319,0.0,323
454,23,Lance McCutcheon,WR,https://sports.yahoo.com/nfl/players/34330,0.0,324
455,24,Josh Malone,WR,https://sports.yahoo.com/nfl/players/30241,0.0,325
456,0,Chad Hansen,WR,https://sports.yahoo.com/nfl/players/30254,0.0,326
457,1,Keshunn Abram,WR,https://sports.yahoo.com/nfl/players/34354,0.0,327
458,2,Irvin Charles,WR,https://sports.yahoo.com/nfl/players/34356,0.0,328
459,3,Cyrus Holder,WR,https://sports.yahoo.com/nfl/players/34366,0.0,329
460,4,Landon Lenoir,WR,https://sports.yahoo.com/nfl/players/34368,0.0,330
461,5,Henry Litwin,WR,https://sports.yahoo.com/nfl/players/34369,0.0,331
462,6,Kevin Shaa,WR,https://sports.yahoo.com/nfl/players/34371,0.0,332
463,7,Savon Scarver,WR,https://sports.yahoo.com/nfl/players/34372,0.0,333
464,8,Britain Covey,WR,https://sports.yahoo.com/nfl/players/34378,0.0,334
465,9,Rodney Adams,WR,https://sports.yahoo.com/nfl/players/30283,0.0,335
466,10,Shemar Bridges,WR,https://sports.yahoo.com/nfl/players/34387,0.0,336
467,11,Trevon Clark,WR,https://sports.yahoo.com/nfl/players/34392,0.0,337
468,12,Jake Herslow,WR,https://sports.yahoo.com/nfl/players/34398,0.0,338
469,13,Makai Polk,WR,https://sports.yahoo.com/nfl/players/34403,0.0,339
470,14,Raleigh Webb,WR,https://sports.yahoo.com/nfl/players/34407,0.0,340
471,15,Devon Williams,WR,https://sports.yahoo.com/nfl/players/34412,0.0,341
472,16,Demetris Robertson,WR,https://sports.yahoo.com/nfl/players/34414,0.0,342
473,17,Jerrion Ealy,WR,https://sports.yahoo.com/nfl/players/34434,0.0,343
474,18,David Moore,WR,https://sports.yahoo.com/nfl/players/30339,0.0,344
475,19,Justyn Ross,WR,https://sports.yahoo.com/nfl/players/34440,0.0,345
476,20,Calvin Jackson,WR,https://sports.yahoo.com/nfl/players/34441,0.0,346
477,21,Slade Bolden,WR,https://sports.yahoo.com/nfl/players/34442,0.0,347
478,22,Isaiah Ford,WR,https://sports.yahoo.com/nfl/players/30350,0.0,348
479,23,Brandon Lewis,WR,https://sports.yahoo.com/nfl/players/34458,0.0,349
480,24,Jaivon Heiligh,WR,https://sports.yahoo.com/nfl/players/34463,0.0,350
481,0,Reggie Roberson Jr.,WR,https://sports.yahoo.com/nfl/players/34466,0.0,351
482,1,Kwamie Lassiter II,WR,https://sports.yahoo.com/nfl/players/34473,0.0,352
483,2,Kendric Pryor,WR,https://sports.yahoo.com/nfl/players/34476,0.0,353
484,3,Mike Harley Jr.,WR,https://sports.yahoo.com/nfl/players/34478,0.0,354
485,4,Travell Harris,WR,https://sports.yahoo.com/nfl/players/34480,0.0,355
486,5,Kekoa Crawford,WR,https://sports.yahoo.com/nfl/players/34484,0.0,356
487,6,Ethan Fernea,WR,https://sports.yahoo.com/nfl/players/34493,0.0,357
488,7,Isaiah Weston,WR,https://sports.yahoo.com/nfl/players/34494,0.0,358
489,8,Jack Sorenson,WR,https://sports.yahoo.com/nfl/players/34496,0.0,359
490,9,Kaylon Geiger,WR,https://sports.yahoo.com/nfl/players/34506,0.0,360
491,10,Tanner Conner,WR,https://sports.yahoo.com/nfl/players/34513,0.0,361
492,11,Jerreth Sterns,WR,https://sports.yahoo.com/nfl/players/34516,0.0,362
493,12,Michael Young Jr.,WR,https://sports.yahoo.com/nfl/players/34540,0.0,363
494,13,Justin Hall,WR,https://sports.yahoo.com/nfl/players/34547,0.0,364
495,14,Josh Johnson,WR,https://sports.yahoo.com/nfl/players/34557,0.0,365
496,15,Samson Nacua,WR,https://sports.yahoo.com/nfl/players/34559,0.0,366
497,16,Kalil Pimpleton,WR,https://sports.yahoo.com/nfl/players/34563,0.0,367
498,17,Corey Sutton,WR,https://sports.yahoo.com/nfl/players/34564,0.0,368
499,18,Kaden Davis,WR,https://sports.yahoo.com/nfl/players/34569,0.0,369
500,19,Tyreik McAllister,WR,https://sports.yahoo.com/nfl/players/34573,0.0,370
501,20,Jaquarii Roberson,WR,https://sports.yahoo.com/nfl/players/34590,0.0,371
502,21,Drew Estrada,WR,https://sports.yahoo.com/nfl/players/34591,0.0,372
503,22,Johnny Johnson III,WR,https://sports.yahoo.com/nfl/players/34601,0.0,373
504,23,Kevin Kassis,WR,https://sports.yahoo.com/nfl/players/34605,0.0,374
505,24,Tim Patrick,WR,https://sports.yahoo.com/nfl/players/30511,0.0,375
506,0,Dontario Drummond,WR,https://sports.yahoo.com/nfl/players/34608,0.0,376
507,1,Ty Fryfogle,WR,https://sports.yahoo.com/nfl/players/34609,0.0,377
508,2,Malik Williams,WR,https://sports.yahoo.com/nfl/players/34622,0.0,378
509,3,Trevon Bradford,WR,https://sports.yahoo.com/nfl/players/34627,0.0,379
510,4,Kameron Brown,WR,https://sports.yahoo.com/nfl/players/34642,0.0,380
511,5,Victor Bolden,WR,https://sports.yahoo.com/nfl/players/30550,0.0,381
512,6,Willie Johnson,WR,https://sports.yahoo.com/nfl/players/34646,0.0,382
513,7,Ryan McDaniel,WR,https://sports.yahoo.com/nfl/players/34647,0.0,383
514,8,Keric Wheatfall,WR,https://sports.yahoo.com/nfl/players/34663,0.0,384
515,9,Dre Miller,WR,https://sports.yahoo.com/nfl/players/34673,0.0,385
516,10,Tyler Snead,WR,https://sports.yahoo.com/nfl/players/34680,0.0,386
517,11,Jared Smart,WR,https://sports.yahoo.com/nfl/players/34692,0.0,387
518,12,Neil Pau'u,WR,https://sports.yahoo.com/nfl/players/34695,0.0,388
519,13,Josh Gordon,WR,https://sports.yahoo.com/nfl/players/26561,0.0,389
520,14,Gehrig Dieter,WR,https://sports.yahoo.com/nfl/players/30679,0.0,390
521,15,Marcus Kemp,WR,https://sports.yahoo.com/nfl/players/30682,0.0,391
522,16,Greg Ward,WR,https://sports.yahoo.com/nfl/players/30715,0.0,392
523,17,Tanner Gentry,WR,https://sports.yahoo.com/nfl/players/30720,0.0,393
524,18,Tavon Austin,WR,https://sports.yahoo.com/nfl/players/26631,0.0,394
525,19,Lance Lenoir Jr.,WR,https://sports.yahoo.com/nfl/players/30899,0.0,395
526,20,Rashard Davis,WR,https://sports.yahoo.com/nfl/players/30940,0.0,396
527,21,Brandon Zylstra,WR,https://sports.yahoo.com/nfl/players/30959,0.0,397
528,22,Calvin Ridley,WR,https://sports.yahoo.com/nfl/players/30996,0.0,398
529,23,Anthony Miller,WR,https://sports.yahoo.com/nfl/players/31021,0.0,399
530,24,James Washington,WR,https://sports.yahoo.com/nfl/players/31030,0.0,400
531,0,DaeSean Hamilton,WR,https://sports.yahoo.com/nfl/players/31083,0.0,401
532,1,Daurice Fountain,WR,https://sports.yahoo.com/nfl/players/31129,0.0,402
533,2,Deon Cain,WR,https://sports.yahoo.com/nfl/players/31155,0.0,403
534,3,Javon Wims,WR,https://sports.yahoo.com/nfl/players/31194,0.0,404
535,4,Marcell Ateman,WR,https://sports.yahoo.com/nfl/players/31198,0.0,405
536,5,Auden Tate,WR,https://sports.yahoo.com/nfl/players/31223,0.0,406
537,6,Austin Proehl,WR,https://sports.yahoo.com/nfl/players/31225,0.0,407
538,7,Trey Quinn,WR,https://sports.yahoo.com/nfl/players/31226,0.0,408
539,8,Christian Blake,WR,https://sports.yahoo.com/nfl/players/31347,0.0,409
540,9,Devin Gray,WR,https://sports.yahoo.com/nfl/players/31349,0.0,410
541,10,Chad Beebe,WR,https://sports.yahoo.com/nfl/players/31508,0.0,411
542,11,Vyncint Smith,WR,https://sports.yahoo.com/nfl/players/31588,0.0,412
543,12,Robert Foster,WR,https://sports.yahoo.com/nfl/players/31601,0.0,413
544,13,Rico Gafford,WR,https://sports.yahoo.com/nfl/players/31607,0.0,414
545,14,Cameron Batson,WR,https://sports.yahoo.com/nfl/players/31623,0.0,415
546,15,Jordan Veasy,WR,https://sports.yahoo.com/nfl/players/31626,0.0,416
547,16,Odell Beckham Jr.,WR,https://sports.yahoo.com/nfl/players/27540,0.0,417
548,17,Chris Lacy,WR,https://sports.yahoo.com/nfl/players/31651,0.0,418
549,18,Deontez Alexander,WR,https://sports.yahoo.com/nfl/players/31705,0.0,419
550,19,Malik Turner,WR,https://sports.yahoo.com/nfl/players/31777,0.0,420
551,20,Ishmael Hyman,WR,https://sports.yahoo.com/nfl/players/31832,0.0,421
552,21,J.J. Arcega-Whiteside,WR,https://sports.yahoo.com/nfl/players/31889,0.0,422
553,22,Gary Jennings,WR,https://sports.yahoo.com/nfl/players/31952,0.0,423
554,23,KeeSean Johnson,WR,https://sports.yahoo.com/nfl/players/32006,0.0,424
555,24,Travis Fulgham,WR,https://sports.yahoo.com/nfl/players/32016,0.0,425
556,0,Kelvin Harmon,WR,https://sports.yahoo.com/nfl/players/32038,0.0,426
557,1,Terry Godwin,WR,https://sports.yahoo.com/nfl/players/32069,0.0,427
558,2,Bisi Johnson,WR,https://sports.yahoo.com/nfl/players/32079,0.0,428
559,3,Willie Snead IV,WR,https://sports.yahoo.com/nfl/players/28026,0.0,429
560,4,Alex Bachman,WR,https://sports.yahoo.com/nfl/players/32124,0.0,430
561,5,Davion Davis,WR,https://sports.yahoo.com/nfl/players/32141,0.0,431
562,6,Albert Wilson,WR,https://sports.yahoo.com/nfl/players/28046,0.0,432
563,7,Trinity Benson,WR,https://sports.yahoo.com/nfl/players/32189,0.0,433
564,8,Emmanuel Sanders,WR,https://sports.yahoo.com/nfl/players/24057,0.0,434
565,9,Andre Roberts,WR,https://sports.yahoo.com/nfl/players/24063,0.0,435
566,10,D.J. Montgomery,WR,https://sports.yahoo.com/nfl/players/32283,0.0,436
567,11,Antoine Wesley,WR,https://sports.yahoo.com/nfl/players/32317,0.0,437
568,12,Keelan Doss,WR,https://sports.yahoo.com/nfl/players/32342,0.0,438
569,13,Antonio Brown,WR,https://sports.yahoo.com/nfl/players/24171,0.0,439
570,14,Cody Thompson,WR,https://sports.yahoo.com/nfl/players/32367,0.0,440
571,15,Darrius Shepherd,WR,https://sports.yahoo.com/nfl/players/32378,0.0,441
572,16,Preston Williams,WR,https://sports.yahoo.com/nfl/players/32447,0.0,442
573,17,Stanley Morgan,WR,https://sports.yahoo.com/nfl/players/32469,0.0,443
574,18,Malik Taylor,WR,https://sports.yahoo.com/nfl/players/32488,0.0,444
575,19,Lynn Bowden Jr.,WR,https://sports.yahoo.com/nfl/players/32750,0.0,445
576,20,Chester Rogers,WR,https://sports.yahoo.com/nfl/players/29609,0.0,446
577,0,Austin Ekeler,RB,https://sports.yahoo.com/nfl/players/30423,366.13,1
578,1,Christian McCaffrey,RB,https://sports.yahoo.com/nfl/players/30121,361.2,2
579,2,Josh Jacobs,RB,https://sports.yahoo.com/nfl/players/31856,355.13,3
580,3,Derrick Henry,RB,https://sports.yahoo.com/nfl/players/29279,340.7,4
581,4,Nick Chubb,RB,https://sports.yahoo.com/nfl/players/31005,314.0,5
582,5,Saquon Barkley,RB,https://sports.yahoo.com/nfl/players/30972,296.75,6
583,6,Tony Pollard,RB,https://sports.yahoo.com/nfl/players/31960,263.75,7
584,7,Dalvin Cook,RB,https://sports.yahoo.com/nfl/players/30154,263.0,8
585,8,Aaron Jones,RB,https://sports.yahoo.com/nfl/players/30295,263.0,9
586,9,Rhamondre Stevenson,RB,https://sports.yahoo.com/nfl/players/33508,253.13,10
587,10,Jamaal Williams,RB,https://sports.yahoo.com/nfl/players/30247,252.38,11
588,11,Miles Sanders,RB,https://sports.yahoo.com/nfl/players/31885,244.38,12
589,12,Joe Mixon,RB,https://sports.yahoo.com/nfl/players/30161,240.88,13
590,13,Najee Harris,RB,https://sports.yahoo.com/nfl/players/33412,238.58,14
591,14,Travis Etienne Jr.,RB,https://sports.yahoo.com/nfl/players/33413,229.63,15
592,15,Kenneth Walker III,RB,https://sports.yahoo.com/nfl/players/33996,219.38,16
593,16,Leonard Fournette,RB,https://sports.yahoo.com/nfl/players/30117,219.38,17
594,17,Alvin Kamara,RB,https://sports.yahoo.com/nfl/players/30180,225.88,18
595,18,James Conner,RB,https://sports.yahoo.com/nfl/players/30218,206.25,19
596,19,Ezekiel Elliott,RB,https://sports.yahoo.com/nfl/players/29238,201.5,20
597,20,David Montgomery,RB,https://sports.yahoo.com/nfl/players/31905,192.63,21
598,21,D'Andre Swift,RB,https://sports.yahoo.com/nfl/players/32705,190.38,22
599,22,Jerick McKinnon,RB,https://sports.yahoo.com/nfl/players/27624,190.38,23
600,23,Devin Singletary,RB,https://sports.yahoo.com/nfl/players/31906,192.38,24
601,24,Raheem Mostert,RB,https://sports.yahoo.com/nfl/players/28654,182.13,25
602,0,Dameon Pierce,RB,https://sports.yahoo.com/nfl/players/34063,183.0,26
603,1,Tyler Allgeier,RB,https://sports.yahoo.com/nfl/players/34107,180.75,27
604,2,AJ Dillon,RB,https://sports.yahoo.com/nfl/players/32732,178.0,28
605,3,Jeff Wilson Jr.,RB,https://sports.yahoo.com/nfl/players/31394,177.63,29
606,4,Antonio Gibson,RB,https://sports.yahoo.com/nfl/players/32736,165.38,30
607,5,Cordarrelle Patterson,RB,https://sports.yahoo.com/nfl/players/26652,166.63,31
608,6,Latavius Murray,RB,https://sports.yahoo.com/nfl/players/26804,163.0,32
609,7,Cam Akers,RB,https://sports.yahoo.com/nfl/players/32722,161.38,33
610,8,Jonathan Taylor,RB,https://sports.yahoo.com/nfl/players/32711,163.5,34
611,9,Isiah Pacheco,RB,https://sports.yahoo.com/nfl/players/34207,156.5,35
612,10,D'Onta Foreman,RB,https://sports.yahoo.com/nfl/players/30202,152.0,36
613,11,Samaje Perine,RB,https://sports.yahoo.com/nfl/players/30227,140.13,37
614,12,Rachaad White,RB,https://sports.yahoo.com/nfl/players/34047,139.38,38
615,13,Khalil Herbert,RB,https://sports.yahoo.com/nfl/players/33605,133.0,39
616,14,Brian Robinson,RB,https://sports.yahoo.com/nfl/players/34054,129.63,40
617,15,Kareem Hunt,RB,https://sports.yahoo.com/nfl/players/30199,126.25,41
618,16,Michael Carter,RB,https://sports.yahoo.com/nfl/players/33495,124.75,42
619,17,Breece Hall,RB,https://sports.yahoo.com/nfl/players/33991,124.63,43
620,18,James Cook,RB,https://sports.yahoo.com/nfl/players/34019,114.38,44
621,19,Kenyan Drake,RB,https://sports.yahoo.com/nfl/players/29307,109.88,45
622,20,Clyde Edwards-Helaire,RB,https://sports.yahoo.com/nfl/players/32702,101.13,46
623,21,Chuba Hubbard,RB,https://sports.yahoo.com/nfl/players/33514,98.63,47
624,22,Damien Harris,RB,https://sports.yahoo.com/nfl/players/31919,96.38,48
625,23,James Robinson,RB,https://sports.yahoo.com/nfl/players/33138,95.0,49
626,24,Jaylen Warren,RB,https://sports.yahoo.com/nfl/players/34447,94.13,50
627,0,J.K. Dobbins,RB,https://sports.yahoo.com/nfl/players/32725,91.75,51
628,1,Alexander Mattison,RB,https://sports.yahoo.com/nfl/players/31934,90.25,52
629,2,Eno Benjamin,RB,https://sports.yahoo.com/nfl/players/32892,89.75,53
630,3,Melvin Gordon,RB,https://sports.yahoo.com/nfl/players/28403,92.13,54
631,4,Kenneth Gainwell,RB,https://sports.yahoo.com/nfl/players/33538,86.63,55
632,5,Deon Jackson,RB,https://sports.yahoo.com/nfl/players/33798,82.63,56
633,6,Chase Edmonds,RB,https://sports.yahoo.com/nfl/players/31104,76.25,57
634,7,Dontrell Hilliard,RB,https://sports.yahoo.com/nfl/players/31457,74.75,58
635,8,Darrell Henderson Jr.,RB,https://sports.yahoo.com/nfl/players/31902,74.63,59
636,9,Nyheim Hines,RB,https://sports.yahoo.com/nfl/players/31074,73.25,60
637,10,Zack Moss,RB,https://sports.yahoo.com/nfl/players/32756,73.38,61
638,11,Gus Edwards,RB,https://sports.yahoo.com/nfl/players/31424,72.13,62
639,12,JaMycal Hasty,RB,https://sports.yahoo.com/nfl/players/33199,68.0,63
640,13,Joshua Kelley,RB,https://sports.yahoo.com/nfl/players/32782,67.5,64
641,14,Rex Burkhead,RB,https://sports.yahoo.com/nfl/players/26813,66.0,65
642,15,Zonovan Knight,RB,https://sports.yahoo.com/nfl/players/34357,62.5,66
643,16,Rashaad Penny,RB,https://sports.yahoo.com/nfl/players/30997,59.25,67
644,17,Matt Breida,RB,https://sports.yahoo.com/nfl/players/30552,58.25,68
645,18,Caleb Huntley,RB,https://sports.yahoo.com/nfl/players/33732,53.13,69
646,19,Justin Jackson,RB,https://sports.yahoo.com/nfl/players/31221,51.88,70
647,20,Kyle Juszczyk,RB,https://sports.yahoo.com/nfl/players/26753,49.75,71
648,21,Mark Ingram II,RB,https://sports.yahoo.com/nfl/players/24815,53.63,72
649,22,Boston Scott,RB,https://sports.yahoo.com/nfl/players/31171,49.5,73
650,23,Elijah Mitchell,RB,https://sports.yahoo.com/nfl/players/33582,49.25,74
651,24,J.D. McKissic,RB,https://sports.yahoo.com/nfl/players/29650,49.0,75
652,0,Ameer Abdullah,RB,https://sports.yahoo.com/nfl/players/28442,47.38,76
653,1,DeeJay Dallas,RB,https://sports.yahoo.com/nfl/players/32814,45.5,77
654,2,Dare Ogunbowale,RB,https://sports.yahoo.com/nfl/players/30860,44.38,78
655,3,Justice Hill,RB,https://sports.yahoo.com/nfl/players/31945,46.0,79
656,4,Ty Johnson,RB,https://sports.yahoo.com/nfl/players/32018,43.0,80
657,5,Travis Homer,RB,https://sports.yahoo.com/nfl/players/32036,42.88,81
658,6,Raheem Blackshear,RB,https://sports.yahoo.com/nfl/players/34617,44.25,82
659,7,Javonte Williams,RB,https://sports.yahoo.com/nfl/players/33423,43.0,83
660,8,Marlon Mack,RB,https://sports.yahoo.com/nfl/players/30256,38.88,84
661,9,Jordan Mason,RB,https://sports.yahoo.com/nfl/players/34320,38.25,85
662,10,Malik Davis,RB,https://sports.yahoo.com/nfl/players/34610,37.0,86
663,11,Alec Ingold,RB,https://sports.yahoo.com/nfl/players/32344,33.63,87
664,12,Avery Williams,RB,https://sports.yahoo.com/nfl/players/33571,33.75,88
665,13,Craig Reynolds,RB,https://sports.yahoo.com/nfl/players/32596,31.75,89
666,14,Kyren Williams,RB,https://sports.yahoo.com/nfl/players/34120,31.38,90
667,15,Gary Brightwell,RB,https://sports.yahoo.com/nfl/players/33584,31.0,91
668,16,Mike Boone,RB,https://sports.yahoo.com/nfl/players/31228,29.25,92
669,17,C.J. Ham,RB,https://sports.yahoo.com/nfl/players/29951,28.63,93
670,18,Jonathan Williams,RB,https://sports.yahoo.com/nfl/players/29390,27.5,94
671,19,Pierre Strong Jr.,RB,https://sports.yahoo.com/nfl/players/34083,27.25,95
672,20,Brandon Bolden,RB,https://sports.yahoo.com/nfl/players/26389,25.88,96
673,21,Sony Michel,RB,https://sports.yahoo.com/nfl/players/31001,24.38,97
674,22,Hassan Haskins,RB,https://sports.yahoo.com/nfl/players/34087,24.25,98
675,23,Malcolm Brown,RB,https://sports.yahoo.com/nfl/players/28990,23.25,99
676,24,Tevin Coleman,RB,https://sports.yahoo.com/nfl/players/28461,22.25,100
677,0,Corey Clement,RB,https://sports.yahoo.com/nfl/players/30707,22.13,101
678,1,Darrel Williams,RB,https://sports.yahoo.com/nfl/players/31500,21.88,102
679,2,Royce Freeman,RB,https://sports.yahoo.com/nfl/players/31041,21.75,103
680,3,Benny Snell Jr.,RB,https://sports.yahoo.com/nfl/players/31954,20.38,104
681,4,Reggie Gilliam,RB,https://sports.yahoo.com/nfl/players/33357,18.63,105
682,5,Derek Watt,RB,https://sports.yahoo.com/nfl/players/29432,18.5,106
683,6,Keaontay Ingram,RB,https://sports.yahoo.com/nfl/players/34157,18.13,107
684,7,Ronald Jones,RB,https://sports.yahoo.com/nfl/players/31008,18.0,108
685,8,Patrick Ricard,RB,https://sports.yahoo.com/nfl/players/30592,16.75,109
686,9,Giovanni Ricci,RB,https://sports.yahoo.com/nfl/players/33151,16.5,110
687,10,Zander Horvath,RB,https://sports.yahoo.com/nfl/players/34216,16.5,111
688,11,Salvon Ahmed,RB,https://sports.yahoo.com/nfl/players/33265,15.5,112
689,12,Jordan Wilkins,RB,https://sports.yahoo.com/nfl/players/31139,13.88,113
690,13,Phillip Lindsay,RB,https://sports.yahoo.com/nfl/players/31379,13.5,114
691,14,Darrynton Evans,RB,https://sports.yahoo.com/nfl/players/32763,12.63,115
692,15,Kevin Harris,RB,https://sports.yahoo.com/nfl/players/34139,12.5,116
693,16,Tyrion Davis-Price,RB,https://sports.yahoo.com/nfl/players/34049,12.38,117
694,17,Chris Evans,RB,https://sports.yahoo.com/nfl/players/33590,12.25,118
695,18,Kene Nwangwu,RB,https://sports.yahoo.com/nfl/players/33507,11.38,119
696,19,Snoop Conner,RB,https://sports.yahoo.com/nfl/players/34110,11.25,120
697,20,David Johnson,RB,https://sports.yahoo.com/nfl/players/28474,10.88,121
698,21,Ke'Shawn Vaughn,RB,https://sports.yahoo.com/nfl/players/32746,10.5,122
699,22,Jaret Patterson,RB,https://sports.yahoo.com/nfl/players/33706,9.75,123
700,23,Tyler Badie,RB,https://sports.yahoo.com/nfl/players/34152,9.5,124
701,24,Tony Jones Jr.,RB,https://sports.yahoo.com/nfl/players/33114,9.25,125
702,0,Zamir White,RB,https://sports.yahoo.com/nfl/players/34078,8.75,126
703,1,Ronnie Rivers,RB,https://sports.yahoo.com/nfl/players/34310,8.75,127
704,2,Myles Gaskin,RB,https://sports.yahoo.com/nfl/players/32066,8.75,128
705,3,Trayveon Williams,RB,https://sports.yahoo.com/nfl/players/32014,8.5,129
706,4,Isaiah Spiller,RB,https://sports.yahoo.com/nfl/players/34079,8.25,130
707,5,Julius Chestnut,RB,https://sports.yahoo.com/nfl/players/34451,8.13,131
708,6,Spencer Brown,RB,https://sports.yahoo.com/nfl/players/33724,7.63,132
709,7,Trestan Ebner,RB,https://sports.yahoo.com/nfl/players/34159,8.75,133
710,8,Patrick Taylor,RB,https://sports.yahoo.com/nfl/players/33235,6.5,134
711,9,Anthony McFarland Jr.,RB,https://sports.yahoo.com/nfl/players/32794,6.13,135
712,10,Dwayne Washington,RB,https://sports.yahoo.com/nfl/players/29470,6.13,136
713,11,Larry Rountree III,RB,https://sports.yahoo.com/nfl/players/33586,5.13,137
714,12,Jonathan Ward,RB,https://sports.yahoo.com/nfl/players/33088,5.0,138
715,13,D'Ernest Johnson,RB,https://sports.yahoo.com/nfl/players/32608,4.5,139
716,14,Giovani Bernard,RB,https://sports.yahoo.com/nfl/players/26660,4.38,140
717,15,Adam Prentice,RB,https://sports.yahoo.com/nfl/players/33901,3.75,141
718,16,Jakob Johnson,RB,https://sports.yahoo.com/nfl/players/31826,3.75,142
719,17,Mike Davis,RB,https://sports.yahoo.com/nfl/players/28514,3.75,143
720,18,Michael Burton,RB,https://sports.yahoo.com/nfl/players/28556,3.25,144
721,19,J.J. Taylor,RB,https://sports.yahoo.com/nfl/players/33028,2.63,145
722,20,Ty Chandler,RB,https://sports.yahoo.com/nfl/players/34125,2.5,146
723,21,Trey Sermon,RB,https://sports.yahoo.com/nfl/players/33476,2.38,147
724,22,Keith Smith,RB,https://sports.yahoo.com/nfl/players/28141,1.75,148
725,23,Jason Cabinda,RB,https://sports.yahoo.com/nfl/players/31480,1.63,149
726,24,Demetric Felton Jr.,RB,https://sports.yahoo.com/nfl/players/33599,1.5,150
727,0,Jerome Ford,RB,https://sports.yahoo.com/nfl/players/34112,1.5,151
728,1,Godwin Igwebuike,RB,https://sports.yahoo.com/nfl/players/31258,1.38,152
729,2,Devine Ozigbo,RB,https://sports.yahoo.com/nfl/players/32390,1.38,153
730,3,Ty'Son Williams,RB,https://sports.yahoo.com/nfl/players/33006,1.13,154
731,4,Reggie Bonnafon,RB,https://sports.yahoo.com/nfl/players/31302,1.0,155
732,5,Kylin Hill,RB,https://sports.yahoo.com/nfl/players/33643,0.88,156
733,6,Duke Johnson,RB,https://sports.yahoo.com/nfl/players/28465,0.5,157
734,7,Nick Bellore,RB,https://sports.yahoo.com/nfl/players/25295,0.38,158
735,8,Damien Williams,RB,https://sports.yahoo.com/nfl/players/28115,0.25,159
736,9,Jordan Howard,RB,https://sports.yahoo.com/nfl/players/29384,0.13,160
737,10,La'Mical Perine,RB,https://sports.yahoo.com/nfl/players/32790,0.0,161
738,11,Jason Huntley,RB,https://sports.yahoo.com/nfl/players/32842,0.0,162
739,12,Raymond Calais,RB,https://sports.yahoo.com/nfl/players/32915,0.0,163
740,13,Darius Bradwell,RB,https://sports.yahoo.com/nfl/players/32975,0.0,164
741,14,Gabe Nabers,RB,https://sports.yahoo.com/nfl/players/32987,0.0,165
742,15,Jake Bargas,RB,https://sports.yahoo.com/nfl/players/33021,0.0,166
743,16,Darius Anderson,RB,https://sports.yahoo.com/nfl/players/33098,0.0,167
744,17,Sewo Olonilua,RB,https://sports.yahoo.com/nfl/players/33099,0.0,168
745,18,Rico Dowdle,RB,https://sports.yahoo.com/nfl/players/33100,0.0,169
746,19,Taiwan Jones,RB,https://sports.yahoo.com/nfl/players/24912,0.0,170
747,20,Nathan Cottrell,RB,https://sports.yahoo.com/nfl/players/33123,0.0,171
748,21,Scottie Phillips,RB,https://sports.yahoo.com/nfl/players/33161,0.0,172
749,22,Sandro Platzgummer,RB,https://sports.yahoo.com/nfl/players/33188,0.0,173
750,23,Josh Hokit,RB,https://sports.yahoo.com/nfl/players/33200,0.0,174
751,24,Antonio Williams,RB,https://sports.yahoo.com/nfl/players/33359,0.0,175
752,0,Paul Quessenberry,RB,https://sports.yahoo.com/nfl/players/33364,0.0,176
753,1,Devontae Booker,RB,https://sports.yahoo.com/nfl/players/29370,0.0,177
754,2,Andy Janovich,RB,https://sports.yahoo.com/nfl/players/29410,0.0,178
755,3,Ben Mason,RB,https://sports.yahoo.com/nfl/players/33572,0.0,179
756,4,Jake Funk,RB,https://sports.yahoo.com/nfl/players/33621,0.0,180
757,5,Gerrid Doaks,RB,https://sports.yahoo.com/nfl/players/33632,0.0,181
758,6,Jermar Jefferson,RB,https://sports.yahoo.com/nfl/players/33644,0.0,182
759,7,Stevie Scott,RB,https://sports.yahoo.com/nfl/players/33692,0.0,183
760,8,JaQuan Hardy,RB,https://sports.yahoo.com/nfl/players/33707,0.0,184
761,9,Brenden Knox,RB,https://sports.yahoo.com/nfl/players/33712,0.0,185
762,10,Javian Hawkins,RB,https://sports.yahoo.com/nfl/players/33731,0.0,186
763,11,Tre Harbison,RB,https://sports.yahoo.com/nfl/players/33746,0.0,187
764,12,A.J. Rose,RB,https://sports.yahoo.com/nfl/players/33784,0.0,188
765,13,Nate McCrary,RB,https://sports.yahoo.com/nfl/players/33793,0.0,189
766,14,Trey Ragas,RB,https://sports.yahoo.com/nfl/players/33809,0.0,190
767,15,Tory Carter,RB,https://sports.yahoo.com/nfl/players/33835,0.0,191
768,16,Mekhi Sargent,RB,https://sports.yahoo.com/nfl/players/33839,0.0,192
769,17,B.J. Emmons,RB,https://sports.yahoo.com/nfl/players/33855,0.0,193
770,18,Josh Johnson,RB,https://sports.yahoo.com/nfl/players/33859,0.0,194
771,19,Brittain Brown,RB,https://sports.yahoo.com/nfl/players/34206,0.0,195
772,20,John Lovett,RB,https://sports.yahoo.com/nfl/players/34225,0.0,196
773,21,Bryant Koback,RB,https://sports.yahoo.com/nfl/players/34234,0.0,197
774,22,BJ Baylor,RB,https://sports.yahoo.com/nfl/players/34256,0.0,198
775,23,Tyler Goodson,RB,https://sports.yahoo.com/nfl/players/34261,0.0,199
776,24,Tarik Cohen,RB,https://sports.yahoo.com/nfl/players/30232,0.0,200
777,0,Wayne Gallman,RB,https://sports.yahoo.com/nfl/players/30253,0.0,201
778,1,Jeremy McNichols,RB,https://sports.yahoo.com/nfl/players/30275,0.0,202
779,2,Master Teague,RB,https://sports.yahoo.com/nfl/players/34373,0.0,203
780,3,Jake Tonges,RB,https://sports.yahoo.com/nfl/players/34374,0.0,204
781,4,Kennedy Brooks,RB,https://sports.yahoo.com/nfl/players/34377,0.0,205
782,5,Alex Armah,RB,https://sports.yahoo.com/nfl/players/30305,0.0,206
783,6,Ricky Person Jr.,RB,https://sports.yahoo.com/nfl/players/34402,0.0,207
784,7,De'Montre Tuggle,RB,https://sports.yahoo.com/nfl/players/34422,0.0,208
785,8,Jerrion Ealy,RB,https://sports.yahoo.com/nfl/players/34434,0.0,209
786,9,Tayon Fleet-Davis,RB,https://sports.yahoo.com/nfl/players/34435,0.0,210
787,10,Mataeo Durant,RB,https://sports.yahoo.com/nfl/players/34445,0.0,211
788,11,Chris Carson,RB,https://sports.yahoo.com/nfl/players/30362,0.0,212
789,12,Shermari Jones,RB,https://sports.yahoo.com/nfl/players/34470,0.0,213
790,13,Max Borghi,RB,https://sports.yahoo.com/nfl/players/34479,0.0,214
791,14,D'Vonte Price,RB,https://sports.yahoo.com/nfl/players/34521,0.0,215
792,15,CJ Verdell,RB,https://sports.yahoo.com/nfl/players/34530,0.0,216
793,16,ZaQuandre White,RB,https://sports.yahoo.com/nfl/players/34538,0.0,217
794,17,Greg Bell,RB,https://sports.yahoo.com/nfl/players/34544,0.0,218
795,18,Sincere McCormick,RB,https://sports.yahoo.com/nfl/players/34551,0.0,219
796,19,Tyreik McAllister,RB,https://sports.yahoo.com/nfl/players/34573,0.0,220
797,20,Aaron Shampklin,RB,https://sports.yahoo.com/nfl/players/34594,0.0,221
798,21,Leddie Brown,RB,https://sports.yahoo.com/nfl/players/34628,0.0,222
799,22,Kevin Marks,RB,https://sports.yahoo.com/nfl/players/34632,0.0,223
800,23,Abram Smith,RB,https://sports.yahoo.com/nfl/players/34660,0.0,224
801,24,Jashaun Corbin,RB,https://sports.yahoo.com/nfl/players/34665,0.0,225
802,0,Jeremiah Hall,RB,https://sports.yahoo.com/nfl/players/34671,0.0,226
803,1,T.J. Pledger,RB,https://sports.yahoo.com/nfl/players/34691,0.0,227
804,2,DeAndre Torrey,RB,https://sports.yahoo.com/nfl/players/34717,0.0,228
805,3,Le'Veon Bell,RB,https://sports.yahoo.com/nfl/players/26671,0.0,229
806,4,Trey Edmunds,RB,https://sports.yahoo.com/nfl/players/30850,0.0,230
807,5,Kenjon Barner,RB,https://sports.yahoo.com/nfl/players/26805,0.0,231
808,6,Jaylen Samuels,RB,https://sports.yahoo.com/nfl/players/31135,0.0,232
809,7,John Kelly Jr.,RB,https://sports.yahoo.com/nfl/players/31145,0.0,233
810,8,Trenton Cannon,RB,https://sports.yahoo.com/nfl/players/31174,0.0,234
811,9,Nick Bawden,RB,https://sports.yahoo.com/nfl/players/31207,0.0,235
812,10,Johnny Stanton IV,RB,https://sports.yahoo.com/nfl/players/31510,0.0,236
813,11,Josh Adams,RB,https://sports.yahoo.com/nfl/players/31567,0.0,237
814,12,Ryan Nall,RB,https://sports.yahoo.com/nfl/players/31662,0.0,238
815,13,Carlos Hyde,RB,https://sports.yahoo.com/nfl/players/27585,0.0,239
816,14,Devonta Freeman,RB,https://sports.yahoo.com/nfl/players/27631,0.0,240
817,15,James White,RB,https://sports.yahoo.com/nfl/players/27658,0.0,241
818,16,Ryquell Armstead,RB,https://sports.yahoo.com/nfl/players/31972,0.0,242
819,17,Qadree Ollison,RB,https://sports.yahoo.com/nfl/players/31984,0.0,243
820,18,Sutton Smith,RB,https://sports.yahoo.com/nfl/players/32007,0.0,244
821,19,Dexter Williams,RB,https://sports.yahoo.com/nfl/players/32026,0.0,245
822,20,Darwin Thompson,RB,https://sports.yahoo.com/nfl/players/32046,0.0,246
823,21,Cullen Gillaspia,RB,https://sports.yahoo.com/nfl/players/32052,0.0,247
824,22,Matt Colburn II,RB,https://sports.yahoo.com/nfl/players/32129,0.0,248
825,23,Khari Blasingame,RB,https://sports.yahoo.com/nfl/players/32140,0.0,249
826,24,Elijah Holyfield,RB,https://sports.yahoo.com/nfl/players/32148,0.0,250
827,0,John Lovett,RB,https://sports.yahoo.com/nfl/players/32364,0.0,251
828,1,Austin Walter,RB,https://sports.yahoo.com/nfl/players/32383,0.0,252
829,2,Patrick Laird,RB,https://sports.yahoo.com/nfl/players/32439,0.0,253
830,3,Damarea Crockett,RB,https://sports.yahoo.com/nfl/players/32502,0.0,254
831,4,Derrick Gore,RB,https://sports.yahoo.com/nfl/players/32630,0.0,255
832,5,Jacques Patrick,RB,https://sports.yahoo.com/nfl/players/32669,0.0,256
833,0,Travis Kelce,TE,https://sports.yahoo.com/nfl/players/26686,296.88,1
834,1,T.J. Hockenson,TE,https://sports.yahoo.com/nfl/players/31840,197.25,2
835,2,George Kittle,TE,https://sports.yahoo.com/nfl/players/30259,191.63,3
836,3,Mark Andrews,TE,https://sports.yahoo.com/nfl/players/31056,175.38,4
837,4,Taysom Hill,TE,https://sports.yahoo.com/nfl/players/30614,160.0,5
838,5,Evan Engram,TE,https://sports.yahoo.com/nfl/players/30136,159.88,6
839,6,Cole Kmet,TE,https://sports.yahoo.com/nfl/players/32713,136.13,7
840,7,Pat Freiermuth,TE,https://sports.yahoo.com/nfl/players/33443,135.0,8
841,8,Tyler Higbee,TE,https://sports.yahoo.com/nfl/players/29344,131.5,9
842,9,Dallas Goedert,TE,https://sports.yahoo.com/nfl/players/31019,133.25,10
843,10,Dalton Schultz,TE,https://sports.yahoo.com/nfl/players/31107,130.63,11
844,11,David Njoku,TE,https://sports.yahoo.com/nfl/players/30142,130.5,12
845,12,Juwan Johnson,TE,https://sports.yahoo.com/nfl/players/33113,126.5,13
846,13,Dawson Knox,TE,https://sports.yahoo.com/nfl/players/31928,124.63,14
847,14,Gerald Everett,TE,https://sports.yahoo.com/nfl/players/30157,124.38,15
848,15,Tyler Conklin,TE,https://sports.yahoo.com/nfl/players/31127,116.38,16
849,16,Jordan Akins,TE,https://sports.yahoo.com/nfl/players/31068,112.38,17
850,17,Noah Fant,TE,https://sports.yahoo.com/nfl/players/31852,109.75,18
851,18,Zach Ertz,TE,https://sports.yahoo.com/nfl/players/26658,102.25,19
852,19,Robert Tonyan,TE,https://sports.yahoo.com/nfl/players/30777,97.25,20
853,20,Hunter Henry,TE,https://sports.yahoo.com/nfl/players/29269,96.13,21
854,21,Chigoziem Okonkwo,TE,https://sports.yahoo.com/nfl/players/34099,92.5,22
855,22,Mike Gesicki,TE,https://sports.yahoo.com/nfl/players/31012,91.25,23
856,23,Hayden Hurst,TE,https://sports.yahoo.com/nfl/players/30995,89.75,24
857,24,Austin Hooper,TE,https://sports.yahoo.com/nfl/players/29315,88.0,25
858,0,Isaiah Likely,TE,https://sports.yahoo.com/nfl/players/34095,82.63,26
859,1,Cade Otton,TE,https://sports.yahoo.com/nfl/players/34062,81.88,27
860,2,Darren Waller,TE,https://sports.yahoo.com/nfl/players/28592,80.5,28
861,3,Greg Dulcich,TE,https://sports.yahoo.com/nfl/players/34036,79.88,29
862,4,Foster Moreau,TE,https://sports.yahoo.com/nfl/players/31969,81.25,30
863,5,Will Dissly,TE,https://sports.yahoo.com/nfl/players/31090,78.63,31
864,6,Kyle Pitts,TE,https://sports.yahoo.com/nfl/players/33392,70.5,32
865,7,Jelani Woods,TE,https://sports.yahoo.com/nfl/players/34029,69.5,33
866,8,Daniel Bellinger,TE,https://sports.yahoo.com/nfl/players/34068,68.75,34
867,9,Logan Thomas,TE,https://sports.yahoo.com/nfl/players/27648,65.88,35
868,10,Colby Parkinson,TE,https://sports.yahoo.com/nfl/players/32803,64.75,36
869,11,Noah Gray,TE,https://sports.yahoo.com/nfl/players/33550,63.5,37
870,12,Brock Wright,TE,https://sports.yahoo.com/nfl/players/33774,60.0,38
871,13,Trey McBride,TE,https://sports.yahoo.com/nfl/players/34010,53.63,39
872,14,Kylen Granson,TE,https://sports.yahoo.com/nfl/players/33515,53.25,40
873,15,Harrison Bryant,TE,https://sports.yahoo.com/nfl/players/32785,52.38,41
874,16,C.J. Uzomah,TE,https://sports.yahoo.com/nfl/players/28545,51.5,42
875,17,Mo Alie-Cox,TE,https://sports.yahoo.com/nfl/players/30112,51.13,43
876,18,MyCole Pruitt,TE,https://sports.yahoo.com/nfl/players/28531,50.75,44
877,19,Tommy Tremble,TE,https://sports.yahoo.com/nfl/players/33471,49.25,45
878,20,Irv Smith Jr.,TE,https://sports.yahoo.com/nfl/players/31882,47.25,46
879,21,Jonnu Smith,TE,https://sports.yahoo.com/nfl/players/30213,44.75,47
880,22,Jake Ferguson,TE,https://sports.yahoo.com/nfl/players/34085,43.25,48
881,23,Adam Trautman,TE,https://sports.yahoo.com/nfl/players/32775,40.88,49
882,24,Josh Oliver,TE,https://sports.yahoo.com/nfl/players/31901,37.63,50
883,0,Shane Zylstra,TE,https://sports.yahoo.com/nfl/players/33803,37.0,51
884,1,Peyton Hendershot,TE,https://sports.yahoo.com/nfl/players/34607,36.63,52
885,2,Durham Smythe,TE,https://sports.yahoo.com/nfl/players/31093,35.75,53
886,3,O.J. Howard,TE,https://sports.yahoo.com/nfl/players/30132,35.13,54
887,4,Ian Thomas,TE,https://sports.yahoo.com/nfl/players/31071,35.13,55
888,5,Connor Heyward,TE,https://sports.yahoo.com/nfl/players/34163,34.25,56
889,6,Johnny Mundt,TE,https://sports.yahoo.com/nfl/players/30373,33.0,57
890,7,Eric Saubert,TE,https://sports.yahoo.com/nfl/players/30287,32.0,58
891,8,Mitchell Wilcox,TE,https://sports.yahoo.com/nfl/players/33171,31.88,59
892,9,Cameron Brate,TE,https://sports.yahoo.com/nfl/players/28267,31.75,60
893,10,Teagan Quitoriano,TE,https://sports.yahoo.com/nfl/players/34126,29.63,61
894,11,Jody Fortson,TE,https://sports.yahoo.com/nfl/players/32600,30.0,62
895,12,Lawrence Cager,TE,https://sports.yahoo.com/nfl/players/33329,27.25,63
896,13,Donald Parham Jr.,TE,https://sports.yahoo.com/nfl/players/32456,27.25,64
897,14,John Bates,TE,https://sports.yahoo.com/nfl/players/33512,26.5,65
898,15,Eric Tomlinson,TE,https://sports.yahoo.com/nfl/players/28658,26.38,66
899,16,Zach Gentry,TE,https://sports.yahoo.com/nfl/players/31973,26.0,67
900,17,James Mitchell,TE,https://sports.yahoo.com/nfl/players/34133,25.63,68
901,18,Marcedes Lewis,TE,https://sports.yahoo.com/nfl/players/7777,25.25,69
902,19,Brevin Jordan,TE,https://sports.yahoo.com/nfl/players/33535,23.0,70
903,20,Albert Okwuegbunam,TE,https://sports.yahoo.com/nfl/players/32788,22.88,71
904,21,Tanner Hudson,TE,https://sports.yahoo.com/nfl/players/31257,21.5,72
905,22,Dan Arnold,TE,https://sports.yahoo.com/nfl/players/30891,21.38,73
906,23,Jack Stoll,TE,https://sports.yahoo.com/nfl/players/33891,20.88,74
907,24,Josiah Deguara,TE,https://sports.yahoo.com/nfl/players/32764,20.75,75
908,0,Pharaoh Brown,TE,https://sports.yahoo.com/nfl/players/30627,20.63,76
909,1,Ross Dwelley,TE,https://sports.yahoo.com/nfl/players/31329,20.63,77
910,2,Jeff Driskel,TE,https://sports.yahoo.com/nfl/players/29441,19.78,78
911,3,Ko Kieft,TE,https://sports.yahoo.com/nfl/players/34174,19.5,79
912,4,Geoff Swaim,TE,https://sports.yahoo.com/nfl/players/28634,19.25,80
913,5,Quintin Morris,TE,https://sports.yahoo.com/nfl/players/33819,20.5,81
914,6,Chris Myarick,TE,https://sports.yahoo.com/nfl/players/32442,17.63,82
915,7,Brycen Hopkins,TE,https://sports.yahoo.com/nfl/players/32806,17.13,83
916,8,Anthony Firkser,TE,https://sports.yahoo.com/nfl/players/30571,17.0,84
917,9,Giovanni Ricci,TE,https://sports.yahoo.com/nfl/players/33151,16.5,85
918,10,Parker Hesse,TE,https://sports.yahoo.com/nfl/players/32588,15.63,86
919,11,Tre' McKitty,TE,https://sports.yahoo.com/nfl/players/33485,14.0,87
920,12,Armani Rogers,TE,https://sports.yahoo.com/nfl/players/34278,13.75,88
921,13,Grant Calcaterra,TE,https://sports.yahoo.com/nfl/players/34154,12.63,89
922,14,Andrew Beck,TE,https://sports.yahoo.com/nfl/players/32225,11.13,90
923,15,Kyle Rudolph,TE,https://sports.yahoo.com/nfl/players/24830,11.0,91
924,16,Nick Vannett,TE,https://sports.yahoo.com/nfl/players/29328,9.88,92
925,17,Blake Bell,TE,https://sports.yahoo.com/nfl/players/28505,9.5,93
926,18,Tyler Kroft,TE,https://sports.yahoo.com/nfl/players/28473,9.13,94
927,19,Chris Manhertz,TE,https://sports.yahoo.com/nfl/players/28365,8.25,95
928,20,Charlie Kolar,TE,https://sports.yahoo.com/nfl/players/34084,8.13,96
929,21,Tyler Mabry,TE,https://sports.yahoo.com/nfl/players/33286,7.38,97
930,22,Luke Farrell,TE,https://sports.yahoo.com/nfl/players/33533,7.0,98
931,23,Stephen Sullivan,TE,https://sports.yahoo.com/nfl/players/32921,6.75,99
932,24,Trevon Wesco,TE,https://sports.yahoo.com/nfl/players/31953,6.25,100
933,0,Kendall Blanton,TE,https://sports.yahoo.com/nfl/players/32125,5.38,101
934,1,Tyler Davis,TE,https://sports.yahoo.com/nfl/players/32876,5.25,102
935,2,Ryan Griffin,TE,https://sports.yahoo.com/nfl/players/26824,5.25,103
936,3,Ben Ellefson,TE,https://sports.yahoo.com/nfl/players/33124,4.75,104
937,4,Stone Smartt,TE,https://sports.yahoo.com/nfl/players/34637,4.13,105
938,5,Cole Turner,TE,https://sports.yahoo.com/nfl/players/34105,3.88,106
939,6,Jesper Horsted,TE,https://sports.yahoo.com/nfl/players/32576,3.88,107
940,7,Maxx Williams,TE,https://sports.yahoo.com/nfl/players/28443,3.75,108
941,8,Stephen Anderson,TE,https://sports.yahoo.com/nfl/players/29789,2.63,109
942,9,Sean McKeon,TE,https://sports.yahoo.com/nfl/players/33101,2.38,110
943,10,Mason Schreck,TE,https://sports.yahoo.com/nfl/players/30364,1.75,111
944,11,Devin Asiasi,TE,https://sports.yahoo.com/nfl/players/32761,1.63,112
945,12,Jeremy Ruckert,TE,https://sports.yahoo.com/nfl/players/34057,1.5,113
946,13,Tommy Sweeney,TE,https://sports.yahoo.com/nfl/players/32060,1.38,114
947,14,Jacob Harris,TE,https://sports.yahoo.com/nfl/players/33529,1.25,115
948,15,Richard Rodgers,TE,https://sports.yahoo.com/nfl/players/27626,1.0,116
949,16,Drew Sample,TE,https://sports.yahoo.com/nfl/players/31884,0.75,117
950,17,Dalton Keene,TE,https://sports.yahoo.com/nfl/players/32771,0.0,118
951,18,Charlie Woerner,TE,https://sports.yahoo.com/nfl/players/32860,0.0,119
952,19,Noah Togiai,TE,https://sports.yahoo.com/nfl/players/32970,0.0,120
953,20,Eli Wolf,TE,https://sports.yahoo.com/nfl/players/33007,0.0,121
954,21,Nakia Griffin-Stewart,TE,https://sports.yahoo.com/nfl/players/33031,0.0,122
955,22,Rysen John,TE,https://sports.yahoo.com/nfl/players/33041,0.0,123
956,23,Kyle Markway,TE,https://sports.yahoo.com/nfl/players/33044,0.0,124
957,24,Jared Pinkney,TE,https://sports.yahoo.com/nfl/players/33064,0.0,125
958,0,Ryan Becker,TE,https://sports.yahoo.com/nfl/players/33071,0.0,126
959,1,Clark Harris,TE,https://sports.yahoo.com/nfl/players/8497,0.0,127
960,2,Scotty Washington,TE,https://sports.yahoo.com/nfl/players/33168,0.0,128
961,3,Josh Hokit,TE,https://sports.yahoo.com/nfl/players/33200,0.0,129
962,4,Thaddeus Moss,TE,https://sports.yahoo.com/nfl/players/33208,0.0,130
963,5,Farrod Green,TE,https://sports.yahoo.com/nfl/players/33214,0.0,131
964,6,Nick Bowers,TE,https://sports.yahoo.com/nfl/players/33315,0.0,132
965,7,Tommy Hudson,TE,https://sports.yahoo.com/nfl/players/33340,0.0,133
966,8,Paul Quessenberry,TE,https://sports.yahoo.com/nfl/players/33364,0.0,134
967,9,Dominique Dafney,TE,https://sports.yahoo.com/nfl/players/33367,0.0,135
968,10,Sammis Reyes,TE,https://sports.yahoo.com/nfl/players/33386,0.0,136
969,11,Hunter Long,TE,https://sports.yahoo.com/nfl/players/33469,0.0,137
970,12,Zach Davidson,TE,https://sports.yahoo.com/nfl/players/33556,0.0,138
971,13,Patrick Scales,TE,https://sports.yahoo.com/nfl/players/25370,0.0,139
972,14,Ben Mason,TE,https://sports.yahoo.com/nfl/players/33572,0.0,140
973,15,Hunter Kampmoyer,TE,https://sports.yahoo.com/nfl/players/33676,0.0,141
974,16,Dylan Soehner,TE,https://sports.yahoo.com/nfl/players/33693,0.0,142
975,17,Kenny Yeboah,TE,https://sports.yahoo.com/nfl/players/33705,0.0,143
976,18,Nick Ralston,TE,https://sports.yahoo.com/nfl/players/33713,0.0,144
977,19,Nick Eubanks,TE,https://sports.yahoo.com/nfl/players/33714,0.0,145
978,20,Feleipe Franks,TE,https://sports.yahoo.com/nfl/players/33729,0.0,146
979,21,John Raine,TE,https://sports.yahoo.com/nfl/players/33741,0.0,147
980,22,Bernhard Seikovits,TE,https://sports.yahoo.com/nfl/players/33759,0.0,148
981,23,J.P. Holtz,TE,https://sports.yahoo.com/nfl/players/29666,0.0,149
982,24,Jake Hausmann,TE,https://sports.yahoo.com/nfl/players/33766,0.0,150
983,0,Sage Surratt,TE,https://sports.yahoo.com/nfl/players/33773,0.0,151
984,1,Tony Poljan,TE,https://sports.yahoo.com/nfl/players/33791,0.0,152
985,2,Nick Guggemos,TE,https://sports.yahoo.com/nfl/players/33801,0.0,153
986,3,Matt Bushman,TE,https://sports.yahoo.com/nfl/players/33804,0.0,154
987,4,Josh Pederson,TE,https://sports.yahoo.com/nfl/players/33828,0.0,155
988,5,Miller Forristall,TE,https://sports.yahoo.com/nfl/players/33836,0.0,156
989,6,Briley Moore,TE,https://sports.yahoo.com/nfl/players/33837,0.0,157
990,7,Shaun Beyer,TE,https://sports.yahoo.com/nfl/players/33892,0.0,158
991,8,Mitchell Fraboni,TE,https://sports.yahoo.com/nfl/players/33924,0.0,159
992,9,Jared Cook,TE,https://sports.yahoo.com/nfl/players/9353,0.0,160
993,10,Sal Cannella,TE,https://sports.yahoo.com/nfl/players/33932,0.0,161
994,11,Michael Jacobson,TE,https://sports.yahoo.com/nfl/players/33936,0.0,162
995,12,Mark Vital,TE,https://sports.yahoo.com/nfl/players/33942,0.0,163
996,13,Nikola Kalinic,TE,https://sports.yahoo.com/nfl/players/33950,0.0,164
997,14,Alex Ellis,TE,https://sports.yahoo.com/nfl/players/29944,0.0,165
998,15,Zach Wood,TE,https://sports.yahoo.com/nfl/players/30015,0.0,166
999,16,Garrett Griffin,TE,https://sports.yahoo.com/nfl/players/30024,0.0,167
1000,17,Andrew Ogletree,TE,https://sports.yahoo.com/nfl/players/34148,0.0,168
1001,18,John FitzPatrick,TE,https://sports.yahoo.com/nfl/players/34169,0.0,169
1002,19,Nick Muse,TE,https://sports.yahoo.com/nfl/players/34183,0.0,170
1003,20,Beau Brinkley,TE,https://sports.yahoo.com/nfl/players/26016,0.0,171
1004,21,Josh Babicz,TE,https://sports.yahoo.com/nfl/players/34219,0.0,172
1005,22,Grayson Gunter,TE,https://sports.yahoo.com/nfl/players/34247,0.0,173
1006,23,Gerrit Prince,TE,https://sports.yahoo.com/nfl/players/34252,0.0,174
1007,24,Adam Shaheen,TE,https://sports.yahoo.com/nfl/players/30158,0.0,175
1008,0,Curtis Hodges,TE,https://sports.yahoo.com/nfl/players/34274,0.0,176
1009,1,Marcus Santos-Silva,TE,https://sports.yahoo.com/nfl/players/34282,0.0,177
1010,2,Leroy Watson,TE,https://sports.yahoo.com/nfl/players/34296,0.0,178
1011,3,Thomas Odukoya,TE,https://sports.yahoo.com/nfl/players/34300,0.0,179
1012,4,Chris Pierce,TE,https://sports.yahoo.com/nfl/players/34309,0.0,180
1013,5,Garrett Walston,TE,https://sports.yahoo.com/nfl/players/34326,0.0,181
1014,6,Jamal Pettigrew,TE,https://sports.yahoo.com/nfl/players/34329,0.0,182
1015,7,Roger Carter Jr.,TE,https://sports.yahoo.com/nfl/players/34341,0.0,183
1016,8,Chase Allen,TE,https://sports.yahoo.com/nfl/players/34360,0.0,184
1017,9,Jeremy Sprinkle,TE,https://sports.yahoo.com/nfl/players/30267,0.0,185
1018,10,Jake Tonges,TE,https://sports.yahoo.com/nfl/players/34374,0.0,186
1019,11,Cade Brewer,TE,https://sports.yahoo.com/nfl/players/34391,0.0,187
1020,12,John Mitchell,TE,https://sports.yahoo.com/nfl/players/34408,0.0,188
1021,13,Kehinde Oginni Hassan,TE,https://sports.yahoo.com/nfl/players/34437,0.0,189
1022,14,Cal Adomitis,TE,https://sports.yahoo.com/nfl/players/34450,0.0,190
1023,15,Zaire Mitchell-Paden,TE,https://sports.yahoo.com/nfl/players/34489,0.0,191
1024,16,Justin Rigg,TE,https://sports.yahoo.com/nfl/players/34495,0.0,192
1025,17,Ben Beise,TE,https://sports.yahoo.com/nfl/players/34498,0.0,193
1026,18,Tanner Conner,TE,https://sports.yahoo.com/nfl/players/34513,0.0,194
1027,19,Cole Fotheringham,TE,https://sports.yahoo.com/nfl/players/34543,0.0,195
1028,20,Derrick Deese Jr.,TE,https://sports.yahoo.com/nfl/players/34548,0.0,196
1029,21,Nolan Givan,TE,https://sports.yahoo.com/nfl/players/34552,0.0,197
1030,22,Antony Auclair,TE,https://sports.yahoo.com/nfl/players/30468,0.0,198
1031,23,Dylan Parham,TE,https://sports.yahoo.com/nfl/players/34577,0.0,199
1032,24,Rodney Williams,TE,https://sports.yahoo.com/nfl/players/34581,0.0,200
1033,0,Ricky Seals-Jones,TE,https://sports.yahoo.com/nfl/players/30494,0.0,201
1034,1,Seth Green,TE,https://sports.yahoo.com/nfl/players/34596,0.0,202
1035,2,Darrell Daniels,TE,https://sports.yahoo.com/nfl/players/30523,0.0,203
1036,3,Bug Howard,TE,https://sports.yahoo.com/nfl/players/30526,0.0,204
1037,4,Jalen Wydermyer,TE,https://sports.yahoo.com/nfl/players/34623,0.0,205
1038,5,Tucker Fisk,TE,https://sports.yahoo.com/nfl/players/34625,0.0,206
1039,6,Erik Krommenhoek,TE,https://sports.yahoo.com/nfl/players/34629,0.0,207
1040,7,JJ Howland,TE,https://sports.yahoo.com/nfl/players/34644,0.0,208
1041,8,Naz Bohannon,TE,https://sports.yahoo.com/nfl/players/34645,0.0,209
1042,9,Lucas Krull,TE,https://sports.yahoo.com/nfl/players/34654,0.0,210
1043,10,Austin Allen,TE,https://sports.yahoo.com/nfl/players/34664,0.0,211
1044,11,Jeremiah Hall,TE,https://sports.yahoo.com/nfl/players/34671,0.0,212
1045,12,Cethan Carter,TE,https://sports.yahoo.com/nfl/players/30577,0.0,213
1046,13,Dre Miller,TE,https://sports.yahoo.com/nfl/players/34673,0.0,214
1047,14,Travis Koontz,TE,https://sports.yahoo.com/nfl/players/34694,0.0,215
1048,15,Jared Scott,TE,https://sports.yahoo.com/nfl/players/34697,0.0,216
1049,16,Jack Coco,TE,https://sports.yahoo.com/nfl/players/34700,0.0,217
1050,17,Jacob Hollister,TE,https://sports.yahoo.com/nfl/players/30661,0.0,218
1051,18,Andrew DePaola,TE,https://sports.yahoo.com/nfl/players/26583,0.0,219
1052,19,Colin Thompson,TE,https://sports.yahoo.com/nfl/players/30740,0.0,220
1053,20,Chris Herndon,TE,https://sports.yahoo.com/nfl/players/31077,0.0,221
1054,21,Troy Fumagalli,TE,https://sports.yahoo.com/nfl/players/31126,0.0,222
1055,22,Ryan Izzo,TE,https://sports.yahoo.com/nfl/players/31220,0.0,223
1056,23,David Wells,TE,https://sports.yahoo.com/nfl/players/31283,0.0,224
1057,24,Kevin Rader,TE,https://sports.yahoo.com/nfl/players/31441,0.0,225
1058,0,Deon Yelder,TE,https://sports.yahoo.com/nfl/players/31519,0.0,226
1059,1,Jordan Franks,TE,https://sports.yahoo.com/nfl/players/31561,0.0,227
1060,2,James Winchester,TE,https://sports.yahoo.com/nfl/players/27494,0.0,228
1061,3,Ethan Wolf,TE,https://sports.yahoo.com/nfl/players/31627,0.0,229
1062,4,Eric Ebron,TE,https://sports.yahoo.com/nfl/players/27538,0.0,230
1063,5,Jordan Matthews,TE,https://sports.yahoo.com/nfl/players/27570,0.0,231
1064,6,Codey McElroy,TE,https://sports.yahoo.com/nfl/players/31732,0.0,232
1065,7,Jaeden Graham,TE,https://sports.yahoo.com/nfl/players/31749,0.0,233
1066,8,J.J. Arcega-Whiteside,TE,https://sports.yahoo.com/nfl/players/31889,0.0,234
1067,9,Jace Sternberger,TE,https://sports.yahoo.com/nfl/players/31907,0.0,235
1068,10,Kahale Warring,TE,https://sports.yahoo.com/nfl/players/31918,0.0,236
1069,11,Alize Mack,TE,https://sports.yahoo.com/nfl/players/32063,0.0,237
1070,12,Brandon Dillon,TE,https://sports.yahoo.com/nfl/players/32142,0.0,238
1071,13,Austin Fort,TE,https://sports.yahoo.com/nfl/players/32191,0.0,239
1072,14,Rob Gronkowski,TE,https://sports.yahoo.com/nfl/players/24017,0.0,240
1073,15,Ian Bunting,TE,https://sports.yahoo.com/nfl/players/32250,0.0,241
1074,16,Dax Raymond,TE,https://sports.yahoo.com/nfl/players/32261,0.0,242
1075,17,Jimmy Graham,TE,https://sports.yahoo.com/nfl/players/24070,0.0,243
1076,18,Tyler Ott,TE,https://sports.yahoo.com/nfl/players/28221,0.0,244
1077,19,John Lovett,TE,https://sports.yahoo.com/nfl/players/32364,0.0,245
1078,20,Tyree Jackson,TE,https://sports.yahoo.com/nfl/players/32415,0.0,246
1079,21,Nate Becker,TE,https://sports.yahoo.com/nfl/players/32449,0.0,247
1080,22,Devin Funchess,TE,https://sports.yahoo.com/nfl/players/28429,0.0,248
1081,23,Daniel Helm,TE,https://sports.yahoo.com/nfl/players/32543,0.0,249
1082,24,Matt Sokol,TE,https://sports.yahoo.com/nfl/players/32551,0.0,250
1083,0,Jesse James,TE,https://sports.yahoo.com/nfl/players/28548,0.0,251
1084,1,Nick Boyle,TE,https://sports.yahoo.com/nfl/players/28559,0.0,252
1085,2,James O'Shaughnessy,TE,https://sports.yahoo.com/nfl/players/28561,0.0,253
1086,0,San Francisco,DEF,https://sports.yahoo.com/nfl/teams/san-francisco/,250.0,1
1087,1,New England,DEF,https://sports.yahoo.com/nfl/teams/new-england/,247.0,2
1088,2,Dallas,DEF,https://sports.yahoo.com/nfl/teams/dallas/,246.0,3
1089,3,Philadelphia,DEF,https://sports.yahoo.com/nfl/teams/philadelphia/,241.0,4
1090,4,Buffalo,DEF,https://sports.yahoo.com/nfl/teams/buffalo/,227.0,5
1091,5,Jacksonville,DEF,https://sports.yahoo.com/nfl/teams/jacksonville/,220.0,6
1092,6,Washington,DEF,https://sports.yahoo.com/nfl/teams/washington/,212.0,7
1093,7,Kansas City,DEF,https://sports.yahoo.com/nfl/teams/kansas-city/,208.0,8
1094,8,New York,DEF,https://sports.yahoo.com/nfl/teams/ny-jets/,210.0,9
1095,9,Baltimore,DEF,https://sports.yahoo.com/nfl/teams/baltimore/,206.0,10
1096,10,Indianapolis,DEF,https://sports.yahoo.com/nfl/teams/indianapolis/,204.5,11
1097,11,Seattle,DEF,https://sports.yahoo.com/nfl/teams/seattle/,200.0,12
1098,12,Tampa Bay,DEF,https://sports.yahoo.com/nfl/teams/tampa-bay/,196.0,13
1099,13,Houston,DEF,https://sports.yahoo.com/nfl/teams/houston/,191.0,14
1100,14,New Orleans,DEF,https://sports.yahoo.com/nfl/teams/new-orleans/,189.5,15
1101,15,Carolina,DEF,https://sports.yahoo.com/nfl/teams/carolina/,186.0,16
1102,16,Minnesota,DEF,https://sports.yahoo.com/nfl/teams/minnesota/,185.0,17
1103,17,Cincinnati,DEF,https://sports.yahoo.com/nfl/teams/cincinnati/,182.0,18
1104,18,Green Bay,DEF,https://sports.yahoo.com/nfl/teams/green-bay/,182.0,19
1105,19,Pittsburgh,DEF,https://sports.yahoo.com/nfl/teams/pittsburgh/,182.0,20
1106,20,Miami,DEF,https://sports.yahoo.com/nfl/teams/miami/,180.0,21
1107,21,Tennessee,DEF,https://sports.yahoo.com/nfl/teams/tennessee/,176.5,22
1108,22,Los Angeles,DEF,https://sports.yahoo.com/nfl/teams/la-chargers/,176.0,23
1109,23,Denver,DEF,https://sports.yahoo.com/nfl/teams/denver/,175.5,24
1110,24,New York,DEF,https://sports.yahoo.com/nfl/teams/ny-giants/,172.5,25
1111,0,Arizona,DEF,https://sports.yahoo.com/nfl/teams/arizona/,172.0,26
1112,1,Los Angeles,DEF,https://sports.yahoo.com/nfl/teams/la-rams/,170.0,27
1113,2,Cleveland,DEF,https://sports.yahoo.com/nfl/teams/cleveland/,168.0,28
1114,3,Detroit,DEF,https://sports.yahoo.com/nfl/teams/detroit/,166.5,29
1115,4,Atlanta,DEF,https://sports.yahoo.com/nfl/teams/atlanta/,144.0,30
1116,5,Las Vegas,DEF,https://sports.yahoo.com/nfl/teams/las-vegas/,137.0,31
1117,6,Chicago,DEF,https://sports.yahoo.com/nfl/teams/chicago/,123.5,32
