,position,manager_id,opponent_id,matchup_url,player,player_url,score,league_url,manager_name,opponent_name,new
0,QB,7,1,https://football.fantasysports.yahoo.com/2020/f1/523631/matchup?mid1=7&mid2=1&week=14,T. Brady ,https://sports.yahoo.com/nfl/players/5228,17.55,https://football.fantasysports.yahoo.com/2020/f1/523631,Patrick,Scott Gunter,Benjamin
1,WR,7,1,https://football.fantasysports.yahoo.com/2020/f1/523631/matchup?mid1=7&mid2=1&week=14,A. Brown ,https://sports.yahoo.com/nfl/players/31883,23.5,https://football.fantasysports.yahoo.com/2020/f1/523631,Patrick,Scott Gunter,Benjamin
2,WR,7,1,https://football.fantasysports.yahoo.com/2020/f1/523631/matchup?mid1=7&mid2=1&week=14,A. Robinson II ,https://sports.yahoo.com/nfl/players/27589,25.88,https://football.fantasysports.yahoo.com/2020/f1/523631,Patrick,Scott Gunter,Benjamin
3,WR,7,1,https://football.fantasysports.yahoo.com/2020/f1/523631/matchup?mid1=7&mid2=1&week=14,J. Crowder ,https://sports.yahoo.com/nfl/players/28493,1.88,https://football.fantasysports.yahoo.com/2020/f1/523631,Patrick,Scott Gunter,Benjamin
4,RB,7,1,https://football.fantasysports.yahoo.com/2020/f1/523631/matchup?mid1=7&mid2=1&week=14,D. Henry ,https://sports.yahoo.com/nfl/players/29279,40.75,https://football.fantasysports.yahoo.com/2020/f1/523631,Patrick,Scott Gunter,Benjamin
5,RB,7,1,https://football.fantasysports.yahoo.com/2020/f1/523631/matchup?mid1=7&mid2=1&week=14,A. Jones ,https://sports.yahoo.com/nfl/players/30295,10.38,https://football.fantasysports.yahoo.com/2020/f1/523631,Patrick,Scott Gunter,Benjamin
6,TE,7,1,https://football.fantasysports.yahoo.com/2020/f1/523631/matchup?mid1=7&mid2=1&week=14,E. Engram ,https://sports.yahoo.com/nfl/players/30136,3.25,https://football.fantasysports.yahoo.com/2020/f1/523631,Patrick,Scott Gunter,Benjamin
7,Q/WR/T,7,1,https://football.fantasysports.yahoo.com/2020/f1/523631/matchup?mid1=7&mid2=1&week=14,R. Tannehill ,https://sports.yahoo.com/nfl/players/25718,18.6,https://football.fantasysports.yahoo.com/2020/f1/523631,Patrick,Scott Gunter,Benjamin
8,DEF,7,1,https://football.fantasysports.yahoo.com/2020/f1/523631/matchup?mid1=7&mid2=1&week=14,Tennessee  - DEF ,https://sports.yahoo.com/nfl/teams/tennessee/,14.5,https://football.fantasysports.yahoo.com/2020/f1/523631,Patrick,Scott Gunter,Benjamin
9,DEF,7,1,https://football.fantasysports.yahoo.com/2020/f1/523631/matchup?mid1=7&mid2=1&week=14,Carolina  - DEF ,https://sports.yahoo.com/nfl/teams/carolina/,3.5,https://football.fantasysports.yahoo.com/2020/f1/523631,Patrick,Scott Gunter,Benjamin
10,QB,1,7,https://football.fantasysports.yahoo.com/2020/f1/523631/matchup?mid1=7&mid2=1&week=14,A. Rodgers ,https://sports.yahoo.com/nfl/players/7200,34.13,https://football.fantasysports.yahoo.com/2020/f1/523631,Scott Gunter,Patrick,Luke
11,WR,1,7,https://football.fantasysports.yahoo.com/2020/f1/523631/matchup?mid1=7&mid2=1&week=14,T. Hill ,https://sports.yahoo.com/nfl/players/29399,27.38,https://football.fantasysports.yahoo.com/2020/f1/523631,Scott Gunter,Patrick,Luke
12,WR,1,7,https://football.fantasysports.yahoo.com/2020/f1/523631/matchup?mid1=7&mid2=1&week=14,C. Kupp ,https://sports.yahoo.com/nfl/players/30182,12.63,https://football.fantasysports.yahoo.com/2020/f1/523631,Scott Gunter,Patrick,Luke
13,WR,1,7,https://football.fantasysports.yahoo.com/2020/f1/523631/matchup?mid1=7&mid2=1&week=14,C. Davis ,https://sports.yahoo.com/nfl/players/30118,3.75,https://football.fantasysports.yahoo.com/2020/f1/523631,Scott Gunter,Patrick,Luke
14,RB,1,7,https://football.fantasysports.yahoo.com/2020/f1/523631/matchup?mid1=7&mid2=1&week=14,A. Ekeler ,https://sports.yahoo.com/nfl/players/30423,22.75,https://football.fantasysports.yahoo.com/2020/f1/523631,Scott Gunter,Patrick,Luke
15,RB,1,7,https://football.fantasysports.yahoo.com/2020/f1/523631/matchup?mid1=7&mid2=1&week=14,M. Gordon ,https://sports.yahoo.com/nfl/players/28403,12.88,https://football.fantasysports.yahoo.com/2020/f1/523631,Scott Gunter,Patrick,Luke
16,TE,1,7,https://football.fantasysports.yahoo.com/2020/f1/523631/matchup?mid1=7&mid2=1&week=14,R. Tonyan ,https://sports.yahoo.com/nfl/players/30777,13,https://football.fantasysports.yahoo.com/2020/f1/523631,Scott Gunter,Patrick,Luke
17,Q/WR/T,1,7,https://football.fantasysports.yahoo.com/2020/f1/523631/matchup?mid1=7&mid2=1&week=14,C. Newton ,https://sports.yahoo.com/nfl/players/24788,5.95,https://football.fantasysports.yahoo.com/2020/f1/523631,Scott Gunter,Patrick,Luke
18,DEF,1,7,https://football.fantasysports.yahoo.com/2020/f1/523631/matchup?mid1=7&mid2=1&week=14,Baltimore  - DEF ,https://sports.yahoo.com/nfl/teams/baltimore/,1.5,https://football.fantasysports.yahoo.com/2020/f1/523631,Scott Gunter,Patrick,Luke
19,DEF,1,7,https://football.fantasysports.yahoo.com/2020/f1/523631/matchup?mid1=7&mid2=1&week=14,Los Angeles  - DEF ,https://sports.yahoo.com/nfl/teams/la-rams/,33,https://football.fantasysports.yahoo.com/2020/f1/523631,Scott Gunter,Patrick,Luke
20,QB,2,4,https://football.fantasysports.yahoo.com/2020/f1/523631/matchup?mid1=2&mid2=4&week=14,J. Allen ,https://sports.yahoo.com/nfl/players/30977,21.4,https://football.fantasysports.yahoo.com/2020/f1/523631,Benjamin,Luke,Patrick
21,WR,2,4,https://football.fantasysports.yahoo.com/2020/f1/523631/matchup?mid1=2&mid2=4&week=14,M. Thomas ,https://sports.yahoo.com/nfl/players/29281,14.5,https://football.fantasysports.yahoo.com/2020/f1/523631,Benjamin,Luke,Patrick
22,WR,2,4,https://football.fantasysports.yahoo.com/2020/f1/523631/matchup?mid1=2&mid2=4&week=14,J. Jefferson ,https://sports.yahoo.com/nfl/players/32692,8.88,https://football.fantasysports.yahoo.com/2020/f1/523631,Benjamin,Luke,Patrick
23,WR,2,4,https://football.fantasysports.yahoo.com/2020/f1/523631/matchup?mid1=2&mid2=4&week=14,C. Godwin ,https://sports.yahoo.com/nfl/players/30197,4.13,https://football.fantasysports.yahoo.com/2020/f1/523631,Benjamin,Luke,Patrick
24,RB,2,4,https://football.fantasysports.yahoo.com/2020/f1/523631/matchup?mid1=2&mid2=4&week=14,J. Jacobs ,https://sports.yahoo.com/nfl/players/31856,10.75,https://football.fantasysports.yahoo.com/2020/f1/523631,Benjamin,Luke,Patrick
25,RB,2,4,https://football.fantasysports.yahoo.com/2020/f1/523631/matchup?mid1=2&mid2=4&week=14,J. Conner ,https://sports.yahoo.com/nfl/players/30218,2.25,https://football.fantasysports.yahoo.com/2020/f1/523631,Benjamin,Luke,Patrick
26,TE,2,4,https://football.fantasysports.yahoo.com/2020/f1/523631/matchup?mid1=2&mid2=4&week=14,T. Kelce ,https://sports.yahoo.com/nfl/players/26686,27,https://football.fantasysports.yahoo.com/2020/f1/523631,Benjamin,Luke,Patrick
27,Q/WR/T,2,4,https://football.fantasysports.yahoo.com/2020/f1/523631/matchup?mid1=2&mid2=4&week=14,J. Goff ,https://sports.yahoo.com/nfl/players/29235,16.23,https://football.fantasysports.yahoo.com/2020/f1/523631,Benjamin,Luke,Patrick
28,DEF,2,4,https://football.fantasysports.yahoo.com/2020/f1/523631/matchup?mid1=2&mid2=4&week=14,Dallas  - DEF ,https://sports.yahoo.com/nfl/teams/dallas/,26,https://football.fantasysports.yahoo.com/2020/f1/523631,Benjamin,Luke,Patrick
29,DEF,2,4,https://football.fantasysports.yahoo.com/2020/f1/523631/matchup?mid1=2&mid2=4&week=14,Cincinnati  - DEF ,https://sports.yahoo.com/nfl/teams/cincinnati/,4.5,https://football.fantasysports.yahoo.com/2020/f1/523631,Benjamin,Luke,Patrick
30,QB,4,2,https://football.fantasysports.yahoo.com/2020/f1/523631/matchup?mid1=2&mid2=4&week=14,K. Murray ,https://sports.yahoo.com/nfl/players/31833,22.08,https://football.fantasysports.yahoo.com/2020/f1/523631,Luke,Benjamin,Scott Gunter
31,WR,4,2,https://football.fantasysports.yahoo.com/2020/f1/523631/matchup?mid1=2&mid2=4&week=14,C. Ridley ,https://sports.yahoo.com/nfl/players/30996,25.5,https://football.fantasysports.yahoo.com/2020/f1/523631,Luke,Benjamin,Scott Gunter
32,WR,4,2,https://football.fantasysports.yahoo.com/2020/f1/523631/matchup?mid1=2&mid2=4&week=14,K. Coutee ,https://sports.yahoo.com/nfl/players/31073,8.5,https://football.fantasysports.yahoo.com/2020/f1/523631,Luke,Benjamin,Scott Gunter
33,WR,4,2,https://football.fantasysports.yahoo.com/2020/f1/523631/matchup?mid1=2&mid2=4&week=14,T. Hilton ,https://sports.yahoo.com/nfl/players/25802,25.25,https://football.fantasysports.yahoo.com/2020/f1/523631,Luke,Benjamin,Scott Gunter
34,RB,4,2,https://football.fantasysports.yahoo.com/2020/f1/523631/matchup?mid1=2&mid2=4&week=14,J. Taylor ,https://sports.yahoo.com/nfl/players/32711,33.63,https://football.fantasysports.yahoo.com/2020/f1/523631,Luke,Benjamin,Scott Gunter
35,RB,4,2,https://football.fantasysports.yahoo.com/2020/f1/523631/matchup?mid1=2&mid2=4&week=14,C. Edwards-Helaire ,https://sports.yahoo.com/nfl/players/32702,13.88,https://football.fantasysports.yahoo.com/2020/f1/523631,Luke,Benjamin,Scott Gunter
36,TE,4,2,https://football.fantasysports.yahoo.com/2020/f1/523631/matchup?mid1=2&mid2=4&week=14,M. Andrews ,https://sports.yahoo.com/nfl/players/31056,12.25,https://football.fantasysports.yahoo.com/2020/f1/523631,Luke,Benjamin,Scott Gunter
37,Q/WR/T,4,2,https://football.fantasysports.yahoo.com/2020/f1/523631/matchup?mid1=2&mid2=4&week=14,B. Roethlisberger ,https://sports.yahoo.com/nfl/players/6770,15.35,https://football.fantasysports.yahoo.com/2020/f1/523631,Luke,Benjamin,Scott Gunter
38,DEF,4,2,https://football.fantasysports.yahoo.com/2020/f1/523631/matchup?mid1=2&mid2=4&week=14,New Orleans  - DEF ,https://sports.yahoo.com/nfl/teams/new-orleans/,7.5,https://football.fantasysports.yahoo.com/2020/f1/523631,Luke,Benjamin,Scott Gunter
39,DEF,4,2,https://football.fantasysports.yahoo.com/2020/f1/523631/matchup?mid1=2&mid2=4&week=14,Green Bay  - DEF ,https://sports.yahoo.com/nfl/teams/green-bay/,7.5,https://football.fantasysports.yahoo.com/2020/f1/523631,Luke,Benjamin,Scott Gunter
40,QB,5,1,https://football.fantasysports.yahoo.com/2020/f1/523631/matchup?mid1=5&mid2=1&week=15,D. Watson ,https://sports.yahoo.com/nfl/players/30125,27.78,https://football.fantasysports.yahoo.com/2020/f1/523631,Mark,Scott Gunter,Patrick
41,WR,5,1,https://football.fantasysports.yahoo.com/2020/f1/523631/matchup?mid1=5&mid2=1&week=15,D. Metcalf ,https://sports.yahoo.com/nfl/players/31896,7.88,https://football.fantasysports.yahoo.com/2020/f1/523631,Mark,Scott Gunter,Patrick
42,WR,5,1,https://football.fantasysports.yahoo.com/2020/f1/523631/matchup?mid1=5&mid2=1&week=15,D. Adams ,https://sports.yahoo.com/nfl/players/27581,8.75,https://football.fantasysports.yahoo.com/2020/f1/523631,Mark,Scott Gunter,Patrick
43,WR,5,1,https://football.fantasysports.yahoo.com/2020/f1/523631/matchup?mid1=5&mid2=1&week=15,C. Lamb ,https://sports.yahoo.com/nfl/players/32687,19.13,https://football.fantasysports.yahoo.com/2020/f1/523631,Mark,Scott Gunter,Patrick
44,RB,5,1,https://football.fantasysports.yahoo.com/2020/f1/523631/matchup?mid1=5&mid2=1&week=15,K. Drake ,https://sports.yahoo.com/nfl/players/29307,6,https://football.fantasysports.yahoo.com/2020/f1/523631,Mark,Scott Gunter,Patrick
45,RB,5,1,https://football.fantasysports.yahoo.com/2020/f1/523631/matchup?mid1=5&mid2=1&week=15,J. Dobbins ,https://sports.yahoo.com/nfl/players/32725,16.63,https://football.fantasysports.yahoo.com/2020/f1/523631,Mark,Scott Gunter,Patrick
46,TE,5,1,https://football.fantasysports.yahoo.com/2020/f1/523631/matchup?mid1=5&mid2=1&week=15,E. Ebron ,https://sports.yahoo.com/nfl/players/27538,0,https://football.fantasysports.yahoo.com/2020/f1/523631,Mark,Scott Gunter,Patrick
47,Q/WR/T,5,1,https://football.fantasysports.yahoo.com/2020/f1/523631/matchup?mid1=5&mid2=1&week=15,K. Cousins ,https://sports.yahoo.com/nfl/players/25812,22.68,https://football.fantasysports.yahoo.com/2020/f1/523631,Mark,Scott Gunter,Patrick
48,DEF,5,1,https://football.fantasysports.yahoo.com/2020/f1/523631/matchup?mid1=5&mid2=1&week=15,Buffalo  - DEF ,https://sports.yahoo.com/nfl/teams/buffalo/,16.5,https://football.fantasysports.yahoo.com/2020/f1/523631,Mark,Scott Gunter,Patrick
49,DEF,5,1,https://football.fantasysports.yahoo.com/2020/f1/523631/matchup?mid1=5&mid2=1&week=15,Minnesota  - DEF ,https://sports.yahoo.com/nfl/teams/minnesota/,4,https://football.fantasysports.yahoo.com/2020/f1/523631,Mark,Scott Gunter,Patrick
50,QB,1,5,https://football.fantasysports.yahoo.com/2020/f1/523631/matchup?mid1=5&mid2=1&week=15,A. Rodgers ,https://sports.yahoo.com/nfl/players/7200,20.4,https://football.fantasysports.yahoo.com/2020/f1/523631,Scott Gunter,Mark,Benjamin
51,WR,1,5,https://football.fantasysports.yahoo.com/2020/f1/523631/matchup?mid1=5&mid2=1&week=15,T. Hill ,https://sports.yahoo.com/nfl/players/29399,15.75,https://football.fantasysports.yahoo.com/2020/f1/523631,Scott Gunter,Mark,Benjamin
52,WR,1,5,https://football.fantasysports.yahoo.com/2020/f1/523631/matchup?mid1=5&mid2=1&week=15,C. Kupp ,https://sports.yahoo.com/nfl/players/30182,7.38,https://football.fantasysports.yahoo.com/2020/f1/523631,Scott Gunter,Mark,Benjamin
53,WR,1,5,https://football.fantasysports.yahoo.com/2020/f1/523631/matchup?mid1=5&mid2=1&week=15,B. Aiyuk ,https://sports.yahoo.com/nfl/players/32695,19.63,https://football.fantasysports.yahoo.com/2020/f1/523631,Scott Gunter,Mark,Benjamin
54,RB,1,5,https://football.fantasysports.yahoo.com/2020/f1/523631/matchup?mid1=5&mid2=1&week=15,A. Ekeler ,https://sports.yahoo.com/nfl/players/30423,11.88,https://football.fantasysports.yahoo.com/2020/f1/523631,Scott Gunter,Mark,Benjamin
55,RB,1,5,https://football.fantasysports.yahoo.com/2020/f1/523631/matchup?mid1=5&mid2=1&week=15,M. Gordon ,https://sports.yahoo.com/nfl/players/28403,24.13,https://football.fantasysports.yahoo.com/2020/f1/523631,Scott Gunter,Mark,Benjamin
56,TE,1,5,https://football.fantasysports.yahoo.com/2020/f1/523631/matchup?mid1=5&mid2=1&week=15,R. Tonyan ,https://sports.yahoo.com/nfl/players/30777,9.75,https://football.fantasysports.yahoo.com/2020/f1/523631,Scott Gunter,Mark,Benjamin
57,Q/WR/T,1,5,https://football.fantasysports.yahoo.com/2020/f1/523631/matchup?mid1=5&mid2=1&week=15,C. Newton ,https://sports.yahoo.com/nfl/players/24788,15.2,https://football.fantasysports.yahoo.com/2020/f1/523631,Scott Gunter,Mark,Benjamin
58,DEF,1,5,https://football.fantasysports.yahoo.com/2020/f1/523631/matchup?mid1=5&mid2=1&week=15,Baltimore  - DEF ,https://sports.yahoo.com/nfl/teams/baltimore/,18.5,https://football.fantasysports.yahoo.com/2020/f1/523631,Scott Gunter,Mark,Benjamin
59,DEF,1,5,https://football.fantasysports.yahoo.com/2020/f1/523631/matchup?mid1=5&mid2=1&week=15,Los Angeles  - DEF ,https://sports.yahoo.com/nfl/teams/la-rams/,5,https://football.fantasysports.yahoo.com/2020/f1/523631,Scott Gunter,Mark,Benjamin
60,QB,4,9,https://football.fantasysports.yahoo.com/2020/f1/523631/matchup?mid1=4&mid2=9&week=15,K. Murray ,https://sports.yahoo.com/nfl/players/31833,37.93,https://football.fantasysports.yahoo.com/2020/f1/523631,Luke,Kevin,Kevin
61,WR,4,9,https://football.fantasysports.yahoo.com/2020/f1/523631/matchup?mid1=4&mid2=9&week=15,C. Ridley ,https://sports.yahoo.com/nfl/players/30996,31.38,https://football.fantasysports.yahoo.com/2020/f1/523631,Luke,Kevin,Kevin
62,WR,4,9,https://football.fantasysports.yahoo.com/2020/f1/523631/matchup?mid1=4&mid2=9&week=15,T. Hilton ,https://sports.yahoo.com/nfl/players/25802,10.88,https://football.fantasysports.yahoo.com/2020/f1/523631,Luke,Kevin,Kevin
63,WR,4,9,https://football.fantasysports.yahoo.com/2020/f1/523631/matchup?mid1=4&mid2=9&week=15,N. Agholor ,https://sports.yahoo.com/nfl/players/28408,8.13,https://football.fantasysports.yahoo.com/2020/f1/523631,Luke,Kevin,Kevin
64,RB,4,9,https://football.fantasysports.yahoo.com/2020/f1/523631/matchup?mid1=4&mid2=9&week=15,J. Taylor ,https://sports.yahoo.com/nfl/players/32711,19.88,https://football.fantasysports.yahoo.com/2020/f1/523631,Luke,Kevin,Kevin
65,RB,4,9,https://football.fantasysports.yahoo.com/2020/f1/523631/matchup?mid1=4&mid2=9&week=15,C. Edwards-Helaire ,https://sports.yahoo.com/nfl/players/32702,10.88,https://football.fantasysports.yahoo.com/2020/f1/523631,Luke,Kevin,Kevin
66,TE,4,9,https://football.fantasysports.yahoo.com/2020/f1/523631/matchup?mid1=4&mid2=9&week=15,M. Andrews ,https://sports.yahoo.com/nfl/players/31056,16.75,https://football.fantasysports.yahoo.com/2020/f1/523631,Luke,Kevin,Kevin
67,Q/WR/T,4,9,https://football.fantasysports.yahoo.com/2020/f1/523631/matchup?mid1=4&mid2=9&week=15,B. Roethlisberger ,https://sports.yahoo.com/nfl/players/6770,8.38,https://football.fantasysports.yahoo.com/2020/f1/523631,Luke,Kevin,Kevin
68,DEF,4,9,https://football.fantasysports.yahoo.com/2020/f1/523631/matchup?mid1=4&mid2=9&week=15,Green Bay  - DEF ,https://sports.yahoo.com/nfl/teams/green-bay/,11,https://football.fantasysports.yahoo.com/2020/f1/523631,Luke,Kevin,Kevin
69,DEF,4,9,https://football.fantasysports.yahoo.com/2020/f1/523631/matchup?mid1=4&mid2=9&week=15,New York  - DEF ,https://sports.yahoo.com/nfl/teams/ny-giants/,7.5,https://football.fantasysports.yahoo.com/2020/f1/523631,Luke,Kevin,Kevin
70,QB,9,4,https://football.fantasysports.yahoo.com/2020/f1/523631/matchup?mid1=4&mid2=9&week=15,J. Herbert ,https://sports.yahoo.com/nfl/players/32676,31.45,https://football.fantasysports.yahoo.com/2020/f1/523631,Kevin,Luke,Luke
71,WR,9,4,https://football.fantasysports.yahoo.com/2020/f1/523631/matchup?mid1=4&mid2=9&week=15,D. Hopkins ,https://sports.yahoo.com/nfl/players/26650,29.75,https://football.fantasysports.yahoo.com/2020/f1/523631,Kevin,Luke,Luke
72,WR,9,4,https://football.fantasysports.yahoo.com/2020/f1/523631/matchup?mid1=4&mid2=9&week=15,A. Thielen ,https://sports.yahoo.com/nfl/players/27277,8.38,https://football.fantasysports.yahoo.com/2020/f1/523631,Kevin,Luke,Luke
73,WR,9,4,https://football.fantasysports.yahoo.com/2020/f1/523631/matchup?mid1=4&mid2=9&week=15,E. Sanders ,https://sports.yahoo.com/nfl/players/24057,11.5,https://football.fantasysports.yahoo.com/2020/f1/523631,Kevin,Luke,Luke
74,RB,9,4,https://football.fantasysports.yahoo.com/2020/f1/523631/matchup?mid1=4&mid2=9&week=15,D. Cook ,https://sports.yahoo.com/nfl/players/30154,28.38,https://football.fantasysports.yahoo.com/2020/f1/523631,Kevin,Luke,Luke
75,RB,9,4,https://football.fantasysports.yahoo.com/2020/f1/523631/matchup?mid1=4&mid2=9&week=15,N. Chubb ,https://sports.yahoo.com/nfl/players/31005,15.25,https://football.fantasysports.yahoo.com/2020/f1/523631,Kevin,Luke,Luke
76,TE,9,4,https://football.fantasysports.yahoo.com/2020/f1/523631/matchup?mid1=4&mid2=9&week=15,D. Waller ,https://sports.yahoo.com/nfl/players/28592,29.25,https://football.fantasysports.yahoo.com/2020/f1/523631,Kevin,Luke,Luke
77,Q/WR/T,9,4,https://football.fantasysports.yahoo.com/2020/f1/523631/matchup?mid1=4&mid2=9&week=15,L. Jackson ,https://sports.yahoo.com/nfl/players/31002,32.53,https://football.fantasysports.yahoo.com/2020/f1/523631,Kevin,Luke,Luke
78,DEF,9,4,https://football.fantasysports.yahoo.com/2020/f1/523631/matchup?mid1=4&mid2=9&week=15,Denver  - DEF ,https://sports.yahoo.com/nfl/teams/denver/,1.5,https://football.fantasysports.yahoo.com/2020/f1/523631,Kevin,Luke,Luke
79,DEF,9,4,https://football.fantasysports.yahoo.com/2020/f1/523631/matchup?mid1=4&mid2=9&week=15,Indianapolis  - DEF ,https://sports.yahoo.com/nfl/teams/indianapolis/,14,https://football.fantasysports.yahoo.com/2020/f1/523631,Kevin,Luke,Luke
80,QB,7,2,https://football.fantasysports.yahoo.com/2020/f1/523631/matchup?mid1=7&mid2=2&week=15,T. Brady ,https://sports.yahoo.com/nfl/players/5228,27.25,https://football.fantasysports.yahoo.com/2020/f1/523631,Patrick,Benjamin,Mark
81,WR,7,2,https://football.fantasysports.yahoo.com/2020/f1/523631/matchup?mid1=7&mid2=2&week=15,A. Brown ,https://sports.yahoo.com/nfl/players/31883,14,https://football.fantasysports.yahoo.com/2020/f1/523631,Patrick,Benjamin,Mark
82,WR,7,2,https://football.fantasysports.yahoo.com/2020/f1/523631/matchup?mid1=7&mid2=2&week=15,A. Robinson II ,https://sports.yahoo.com/nfl/players/27589,12.38,https://football.fantasysports.yahoo.com/2020/f1/523631,Patrick,Benjamin,Mark
83,WR,7,2,https://football.fantasysports.yahoo.com/2020/f1/523631/matchup?mid1=7&mid2=2&week=15,D. Moore ,https://sports.yahoo.com/nfl/players/30994,19.5,https://football.fantasysports.yahoo.com/2020/f1/523631,Patrick,Benjamin,Mark
84,RB,7,2,https://football.fantasysports.yahoo.com/2020/f1/523631/matchup?mid1=7&mid2=2&week=15,D. Henry ,https://sports.yahoo.com/nfl/players/29279,28,https://football.fantasysports.yahoo.com/2020/f1/523631,Patrick,Benjamin,Mark
85,RB,7,2,https://football.fantasysports.yahoo.com/2020/f1/523631/matchup?mid1=7&mid2=2&week=15,A. Jones ,https://sports.yahoo.com/nfl/players/30295,27.25,https://football.fantasysports.yahoo.com/2020/f1/523631,Patrick,Benjamin,Mark
86,TE,7,2,https://football.fantasysports.yahoo.com/2020/f1/523631/matchup?mid1=7&mid2=2&week=15,D. Goedert ,https://sports.yahoo.com/nfl/players/31019,6.88,https://football.fantasysports.yahoo.com/2020/f1/523631,Patrick,Benjamin,Mark
87,Q/WR/T,7,2,https://football.fantasysports.yahoo.com/2020/f1/523631/matchup?mid1=7&mid2=2&week=15,R. Tannehill ,https://sports.yahoo.com/nfl/players/25718,40.28,https://football.fantasysports.yahoo.com/2020/f1/523631,Patrick,Benjamin,Mark
88,DEF,7,2,https://football.fantasysports.yahoo.com/2020/f1/523631/matchup?mid1=7&mid2=2&week=15,Miami  - DEF ,https://sports.yahoo.com/nfl/teams/miami/,14,https://football.fantasysports.yahoo.com/2020/f1/523631,Patrick,Benjamin,Mark
89,DEF,7,2,https://football.fantasysports.yahoo.com/2020/f1/523631/matchup?mid1=7&mid2=2&week=15,Tennessee  - DEF ,https://sports.yahoo.com/nfl/teams/tennessee/,9,https://football.fantasysports.yahoo.com/2020/f1/523631,Patrick,Benjamin,Mark
90,QB,2,7,https://football.fantasysports.yahoo.com/2020/f1/523631/matchup?mid1=7&mid2=2&week=15,J. Allen ,https://sports.yahoo.com/nfl/players/30977,42.08,https://football.fantasysports.yahoo.com/2020/f1/523631,Benjamin,Patrick,Scott Gunter
91,WR,2,7,https://football.fantasysports.yahoo.com/2020/f1/523631/matchup?mid1=7&mid2=2&week=15,J. Jefferson ,https://sports.yahoo.com/nfl/players/32692,17,https://football.fantasysports.yahoo.com/2020/f1/523631,Benjamin,Patrick,Scott Gunter
92,WR,2,7,https://football.fantasysports.yahoo.com/2020/f1/523631/matchup?mid1=7&mid2=2&week=15,S. Diggs ,https://sports.yahoo.com/nfl/players/28534,23.88,https://football.fantasysports.yahoo.com/2020/f1/523631,Benjamin,Patrick,Scott Gunter
93,WR,2,7,https://football.fantasysports.yahoo.com/2020/f1/523631/matchup?mid1=7&mid2=2&week=15,C. Godwin ,https://sports.yahoo.com/nfl/players/30197,12.5,https://football.fantasysports.yahoo.com/2020/f1/523631,Benjamin,Patrick,Scott Gunter
94,RB,2,7,https://football.fantasysports.yahoo.com/2020/f1/523631/matchup?mid1=7&mid2=2&week=15,J. Jacobs ,https://sports.yahoo.com/nfl/players/31856,21.75,https://football.fantasysports.yahoo.com/2020/f1/523631,Benjamin,Patrick,Scott Gunter
95,RB,2,7,https://football.fantasysports.yahoo.com/2020/f1/523631/matchup?mid1=7&mid2=2&week=15,J. Conner ,https://sports.yahoo.com/nfl/players/30218,0,https://football.fantasysports.yahoo.com/2020/f1/523631,Benjamin,Patrick,Scott Gunter
96,TE,2,7,https://football.fantasysports.yahoo.com/2020/f1/523631/matchup?mid1=7&mid2=2&week=15,T. Kelce ,https://sports.yahoo.com/nfl/players/26686,20.5,https://football.fantasysports.yahoo.com/2020/f1/523631,Benjamin,Patrick,Scott Gunter
97,Q/WR/T,2,7,https://football.fantasysports.yahoo.com/2020/f1/523631/matchup?mid1=7&mid2=2&week=15,J. Goff ,https://sports.yahoo.com/nfl/players/29235,17.58,https://football.fantasysports.yahoo.com/2020/f1/523631,Benjamin,Patrick,Scott Gunter
98,DEF,2,7,https://football.fantasysports.yahoo.com/2020/f1/523631/matchup?mid1=7&mid2=2&week=15,Dallas  - DEF ,https://sports.yahoo.com/nfl/teams/dallas/,13.5,https://football.fantasysports.yahoo.com/2020/f1/523631,Benjamin,Patrick,Scott Gunter
99,DEF,2,7,https://football.fantasysports.yahoo.com/2020/f1/523631/matchup?mid1=7&mid2=2&week=15,New England  - DEF ,https://sports.yahoo.com/nfl/teams/new-england/,6.5,https://football.fantasysports.yahoo.com/2020/f1/523631,Benjamin,Patrick,Scott Gunter
100,QB,5,4,https://football.fantasysports.yahoo.com/2020/f1/523631/matchup?mid1=5&mid2=4&week=16,D. Watson ,https://sports.yahoo.com/nfl/players/30125,30.95,https://football.fantasysports.yahoo.com/2020/f1/523631,Mark,Luke,Luke
101,WR,5,4,https://football.fantasysports.yahoo.com/2020/f1/523631/matchup?mid1=5&mid2=4&week=16,D. Metcalf ,https://sports.yahoo.com/nfl/players/31896,10.38,https://football.fantasysports.yahoo.com/2020/f1/523631,Mark,Luke,Luke
102,WR,5,4,https://football.fantasysports.yahoo.com/2020/f1/523631/matchup?mid1=5&mid2=4&week=16,D. Adams ,https://sports.yahoo.com/nfl/players/27581,41.25,https://football.fantasysports.yahoo.com/2020/f1/523631,Mark,Luke,Luke
103,WR,5,4,https://football.fantasysports.yahoo.com/2020/f1/523631/matchup?mid1=5&mid2=4&week=16,T. Higgins ,https://sports.yahoo.com/nfl/players/32703,21.38,https://football.fantasysports.yahoo.com/2020/f1/523631,Mark,Luke,Luke
104,RB,5,4,https://football.fantasysports.yahoo.com/2020/f1/523631/matchup?mid1=5&mid2=4&week=16,J. Dobbins ,https://sports.yahoo.com/nfl/players/32725,15.63,https://football.fantasysports.yahoo.com/2020/f1/523631,Mark,Luke,Luke
105,RB,5,4,https://football.fantasysports.yahoo.com/2020/f1/523631/matchup?mid1=5&mid2=4&week=16,D. Johnson ,https://sports.yahoo.com/nfl/players/28474,30.88,https://football.fantasysports.yahoo.com/2020/f1/523631,Mark,Luke,Luke
106,TE,5,4,https://football.fantasysports.yahoo.com/2020/f1/523631/matchup?mid1=5&mid2=4&week=16,A. Hooper ,https://sports.yahoo.com/nfl/players/29315,12.38,https://football.fantasysports.yahoo.com/2020/f1/523631,Mark,Luke,Luke
107,Q/WR/T,5,4,https://football.fantasysports.yahoo.com/2020/f1/523631/matchup?mid1=5&mid2=4&week=16,B. Mayfield ,https://sports.yahoo.com/nfl/players/30971,11,https://football.fantasysports.yahoo.com/2020/f1/523631,Mark,Luke,Luke
108,DEF,5,4,https://football.fantasysports.yahoo.com/2020/f1/523631/matchup?mid1=5&mid2=4&week=16,Buffalo  - DEF ,https://sports.yahoo.com/nfl/teams/buffalo/,11.5,https://football.fantasysports.yahoo.com/2020/f1/523631,Mark,Luke,Luke
109,DEF,5,4,https://football.fantasysports.yahoo.com/2020/f1/523631/matchup?mid1=5&mid2=4&week=16,Arizona  - DEF ,https://sports.yahoo.com/nfl/teams/arizona/,8.5,https://football.fantasysports.yahoo.com/2020/f1/523631,Mark,Luke,Luke
110,QB,4,5,https://football.fantasysports.yahoo.com/2020/f1/523631/matchup?mid1=5&mid2=4&week=16,K. Murray ,https://sports.yahoo.com/nfl/players/31833,19.73,https://football.fantasysports.yahoo.com/2020/f1/523631,Luke,Mark,Mark
111,WR,4,5,https://football.fantasysports.yahoo.com/2020/f1/523631/matchup?mid1=5&mid2=4&week=16,C. Ridley ,https://sports.yahoo.com/nfl/players/30996,17.88,https://football.fantasysports.yahoo.com/2020/f1/523631,Luke,Mark,Mark
112,WR,4,5,https://football.fantasysports.yahoo.com/2020/f1/523631/matchup?mid1=5&mid2=4&week=16,T. Hilton ,https://sports.yahoo.com/nfl/players/25802,9,https://football.fantasysports.yahoo.com/2020/f1/523631,Luke,Mark,Mark
113,WR,4,5,https://football.fantasysports.yahoo.com/2020/f1/523631/matchup?mid1=5&mid2=4&week=16,N. Agholor ,https://sports.yahoo.com/nfl/players/28408,27.88,https://football.fantasysports.yahoo.com/2020/f1/523631,Luke,Mark,Mark
114,RB,4,5,https://football.fantasysports.yahoo.com/2020/f1/523631/matchup?mid1=5&mid2=4&week=16,J. Taylor ,https://sports.yahoo.com/nfl/players/32711,21.25,https://football.fantasysports.yahoo.com/2020/f1/523631,Luke,Mark,Mark
115,RB,4,5,https://football.fantasysports.yahoo.com/2020/f1/523631/matchup?mid1=5&mid2=4&week=16,S. Ahmed ,https://sports.yahoo.com/nfl/players/33265,0.88,https://football.fantasysports.yahoo.com/2020/f1/523631,Luke,Mark,Mark
116,TE,4,5,https://football.fantasysports.yahoo.com/2020/f1/523631/matchup?mid1=5&mid2=4&week=16,M. Andrews ,https://sports.yahoo.com/nfl/players/31056,12.5,https://football.fantasysports.yahoo.com/2020/f1/523631,Luke,Mark,Mark
117,Q/WR/T,4,5,https://football.fantasysports.yahoo.com/2020/f1/523631/matchup?mid1=5&mid2=4&week=16,M. Mariota ,https://sports.yahoo.com/nfl/players/28390,0,https://football.fantasysports.yahoo.com/2020/f1/523631,Luke,Mark,Mark
118,DEF,4,5,https://football.fantasysports.yahoo.com/2020/f1/523631/matchup?mid1=5&mid2=4&week=16,Green Bay  - DEF ,https://sports.yahoo.com/nfl/teams/green-bay/,11.5,https://football.fantasysports.yahoo.com/2020/f1/523631,Luke,Mark,Mark
119,DEF,4,5,https://football.fantasysports.yahoo.com/2020/f1/523631/matchup?mid1=5&mid2=4&week=16,New Orleans  - DEF ,https://sports.yahoo.com/nfl/teams/new-orleans/,4.5,https://football.fantasysports.yahoo.com/2020/f1/523631,Luke,Mark,Mark
120,QB,1,9,https://football.fantasysports.yahoo.com/2020/f1/523631/matchup?mid1=1&mid2=9&week=16,A. Rodgers ,https://sports.yahoo.com/nfl/players/7200,27.93,https://football.fantasysports.yahoo.com/2020/f1/523631,Scott Gunter,Kevin,na
121,WR,1,9,https://football.fantasysports.yahoo.com/2020/f1/523631/matchup?mid1=1&mid2=9&week=16,T. Hill ,https://sports.yahoo.com/nfl/players/29399,10.13,https://football.fantasysports.yahoo.com/2020/f1/523631,Scott Gunter,Kevin,na
122,WR,1,9,https://football.fantasysports.yahoo.com/2020/f1/523631/matchup?mid1=1&mid2=9&week=16,B. Aiyuk ,https://sports.yahoo.com/nfl/players/32695,4.38,https://football.fantasysports.yahoo.com/2020/f1/523631,Scott Gunter,Kevin,na
123,WR,1,9,https://football.fantasysports.yahoo.com/2020/f1/523631/matchup?mid1=1&mid2=9&week=16,C. Beasley ,https://sports.yahoo.com/nfl/players/26060,3.63,https://football.fantasysports.yahoo.com/2020/f1/523631,Scott Gunter,Kevin,na
124,RB,1,9,https://football.fantasysports.yahoo.com/2020/f1/523631/matchup?mid1=1&mid2=9&week=16,A. Ekeler ,https://sports.yahoo.com/nfl/players/30423,16,https://football.fantasysports.yahoo.com/2020/f1/523631,Scott Gunter,Kevin,na
125,RB,1,9,https://football.fantasysports.yahoo.com/2020/f1/523631/matchup?mid1=1&mid2=9&week=16,M. Gordon ,https://sports.yahoo.com/nfl/players/28403,9.88,https://football.fantasysports.yahoo.com/2020/f1/523631,Scott Gunter,Kevin,na
126,TE,1,9,https://football.fantasysports.yahoo.com/2020/f1/523631/matchup?mid1=1&mid2=9&week=16,R. Tonyan ,https://sports.yahoo.com/nfl/players/30777,2.63,https://football.fantasysports.yahoo.com/2020/f1/523631,Scott Gunter,Kevin,na
127,Q/WR/T,1,9,https://football.fantasysports.yahoo.com/2020/f1/523631/matchup?mid1=1&mid2=9&week=16,C. Newton ,https://sports.yahoo.com/nfl/players/24788,10.7,https://football.fantasysports.yahoo.com/2020/f1/523631,Scott Gunter,Kevin,na
128,DEF,1,9,https://football.fantasysports.yahoo.com/2020/f1/523631/matchup?mid1=1&mid2=9&week=16,Baltimore  - DEF ,https://sports.yahoo.com/nfl/teams/baltimore/,18.5,https://football.fantasysports.yahoo.com/2020/f1/523631,Scott Gunter,Kevin,na
129,DEF,1,9,https://football.fantasysports.yahoo.com/2020/f1/523631/matchup?mid1=1&mid2=9&week=16,Los Angeles  - DEF ,https://sports.yahoo.com/nfl/teams/la-rams/,10,https://football.fantasysports.yahoo.com/2020/f1/523631,Scott Gunter,Kevin,na
,,,,,,,,,Patrick,,Kevin
,,,,,,,,,Patrick,,Kevin
,,,,,,,,,Patrick,,Kevin
,,,,,,,,,Patrick,,Kevin
,,,,,,,,,Patrick,,Kevin
,,,,,,,,,Patrick,,Kevin
,,,,,,,,,Patrick,,Kevin
,,,,,,,,,Patrick,,Kevin
,,,,,,,,,Patrick,,Kevin
,,,,,,,,,Patrick,,Kevin
130,QB,9,1,https://football.fantasysports.yahoo.com/2020/f1/523631/matchup?mid1=1&mid2=9&week=16,J. Herbert ,https://sports.yahoo.com/nfl/players/32676,19.9,https://football.fantasysports.yahoo.com/2020/f1/523631,Kevin,Scott Gunter,Patrick
131,WR,9,1,https://football.fantasysports.yahoo.com/2020/f1/523631/matchup?mid1=1&mid2=9&week=16,D. Hopkins ,https://sports.yahoo.com/nfl/players/26650,10,https://football.fantasysports.yahoo.com/2020/f1/523631,Kevin,Scott Gunter,Patrick
132,WR,9,1,https://football.fantasysports.yahoo.com/2020/f1/523631/matchup?mid1=1&mid2=9&week=16,A. Thielen ,https://sports.yahoo.com/nfl/players/27277,22.13,https://football.fantasysports.yahoo.com/2020/f1/523631,Kevin,Scott Gunter,Patrick
133,WR,9,1,https://football.fantasysports.yahoo.com/2020/f1/523631/matchup?mid1=1&mid2=9&week=16,E. Sanders ,https://sports.yahoo.com/nfl/players/24057,13.88,https://football.fantasysports.yahoo.com/2020/f1/523631,Kevin,Scott Gunter,Patrick
134,RB,9,1,https://football.fantasysports.yahoo.com/2020/f1/523631/matchup?mid1=1&mid2=9&week=16,D. Cook ,https://sports.yahoo.com/nfl/players/30154,17.63,https://football.fantasysports.yahoo.com/2020/f1/523631,Kevin,Scott Gunter,Patrick
135,RB,9,1,https://football.fantasysports.yahoo.com/2020/f1/523631/matchup?mid1=1&mid2=9&week=16,N. Chubb ,https://sports.yahoo.com/nfl/players/31005,16.75,https://football.fantasysports.yahoo.com/2020/f1/523631,Kevin,Scott Gunter,Patrick
136,TE,9,1,https://football.fantasysports.yahoo.com/2020/f1/523631/matchup?mid1=1&mid2=9&week=16,D. Waller ,https://sports.yahoo.com/nfl/players/28592,16.5,https://football.fantasysports.yahoo.com/2020/f1/523631,Kevin,Scott Gunter,Patrick
137,Q/WR/T,9,1,https://football.fantasysports.yahoo.com/2020/f1/523631/matchup?mid1=1&mid2=9&week=16,L. Jackson ,https://sports.yahoo.com/nfl/players/31002,25.15,https://football.fantasysports.yahoo.com/2020/f1/523631,Kevin,Scott Gunter,Patrick
138,DEF,9,1,https://football.fantasysports.yahoo.com/2020/f1/523631/matchup?mid1=1&mid2=9&week=16,Indianapolis  - DEF ,https://sports.yahoo.com/nfl/teams/indianapolis/,5.5,https://football.fantasysports.yahoo.com/2020/f1/523631,Kevin,Scott Gunter,Patrick
139,DEF,9,1,https://football.fantasysports.yahoo.com/2020/f1/523631/matchup?mid1=1&mid2=9&week=16,Los Angeles  - DEF ,https://sports.yahoo.com/nfl/teams/la-chargers/,7.5,https://football.fantasysports.yahoo.com/2020/f1/523631,Kevin,Scott Gunter,Patrick
140,QB,10,8,https://football.fantasysports.yahoo.com/2020/f1/523631/matchup?mid1=10&mid2=8&week=15,R. Wilson ,https://sports.yahoo.com/nfl/players/25785,14.55,https://football.fantasysports.yahoo.com/2020/f1/523631,Krista,Bryan,
141,WR,10,8,https://football.fantasysports.yahoo.com/2020/f1/523631/matchup?mid1=10&mid2=8&week=15,T. Lockett ,https://sports.yahoo.com/nfl/players/28457,6.25,https://football.fantasysports.yahoo.com/2020/f1/523631,Krista,Bryan,
142,WR,10,8,https://football.fantasysports.yahoo.com/2020/f1/523631/matchup?mid1=10&mid2=8&week=15,K. Allen ,https://sports.yahoo.com/nfl/players/26699,2.5,https://football.fantasysports.yahoo.com/2020/f1/523631,Krista,Bryan,
143,WR,10,8,https://football.fantasysports.yahoo.com/2020/f1/523631/matchup?mid1=10&mid2=8&week=15,B. Cooks ,https://sports.yahoo.com/nfl/players/27548,10.38,https://football.fantasysports.yahoo.com/2020/f1/523631,Krista,Bryan,
144,RB,10,8,https://football.fantasysports.yahoo.com/2020/f1/523631/matchup?mid1=10&mid2=8&week=15,C. Carson ,https://sports.yahoo.com/nfl/players/30362,9.63,https://football.fantasysports.yahoo.com/2020/f1/523631,Krista,Bryan,
145,RB,10,8,https://football.fantasysports.yahoo.com/2020/f1/523631/matchup?mid1=10&mid2=8&week=15,J. Wilson Jr. ,https://sports.yahoo.com/nfl/players/31394,13.5,https://football.fantasysports.yahoo.com/2020/f1/523631,Krista,Bryan,
146,TE,10,8,https://football.fantasysports.yahoo.com/2020/f1/523631/matchup?mid1=10&mid2=8&week=15,H. Henry ,https://sports.yahoo.com/nfl/players/29269,16.63,https://football.fantasysports.yahoo.com/2020/f1/523631,Krista,Bryan,
147,Q/WR/T,10,8,https://football.fantasysports.yahoo.com/2020/f1/523631/matchup?mid1=10&mid2=8&week=15,P. Rivers ,https://sports.yahoo.com/nfl/players/6763,19.28,https://football.fantasysports.yahoo.com/2020/f1/523631,Krista,Bryan,
148,DEF,10,8,https://football.fantasysports.yahoo.com/2020/f1/523631/matchup?mid1=10&mid2=8&week=15,Houston  - DEF ,https://sports.yahoo.com/nfl/teams/houston/,3,https://football.fantasysports.yahoo.com/2020/f1/523631,Krista,Bryan,
149,DEF,10,8,https://football.fantasysports.yahoo.com/2020/f1/523631/matchup?mid1=10&mid2=8&week=15,Pittsburgh  - DEF ,https://sports.yahoo.com/nfl/teams/pittsburgh/,7.5,https://football.fantasysports.yahoo.com/2020/f1/523631,Krista,Bryan,
150,QB,8,10,https://football.fantasysports.yahoo.com/2020/f1/523631/matchup?mid1=10&mid2=8&week=15,D. Brees ,https://sports.yahoo.com/nfl/players/5479,21.7,https://football.fantasysports.yahoo.com/2020/f1/523631,Bryan,Krista,
151,WR,8,10,https://football.fantasysports.yahoo.com/2020/f1/523631/matchup?mid1=10&mid2=8&week=15,C. Claypool ,https://sports.yahoo.com/nfl/players/32719,7.5,https://football.fantasysports.yahoo.com/2020/f1/523631,Bryan,Krista,
152,WR,8,10,https://football.fantasysports.yahoo.com/2020/f1/523631/matchup?mid1=10&mid2=8&week=15,A. Cooper ,https://sports.yahoo.com/nfl/players/28392,1.38,https://football.fantasysports.yahoo.com/2020/f1/523631,Bryan,Krista,
153,WR,8,10,https://football.fantasysports.yahoo.com/2020/f1/523631/matchup?mid1=10&mid2=8&week=15,R. Anderson ,https://sports.yahoo.com/nfl/players/29785,3.5,https://football.fantasysports.yahoo.com/2020/f1/523631,Bryan,Krista,
154,RB,8,10,https://football.fantasysports.yahoo.com/2020/f1/523631/matchup?mid1=10&mid2=8&week=15,J. Robinson ,https://sports.yahoo.com/nfl/players/33138,14.13,https://football.fantasysports.yahoo.com/2020/f1/523631,Bryan,Krista,
155,RB,8,10,https://football.fantasysports.yahoo.com/2020/f1/523631/matchup?mid1=10&mid2=8&week=15,M. Davis ,https://sports.yahoo.com/nfl/players/28514,8.63,https://football.fantasysports.yahoo.com/2020/f1/523631,Bryan,Krista,
156,TE,8,10,https://football.fantasysports.yahoo.com/2020/f1/523631/matchup?mid1=10&mid2=8&week=15,L. Thomas ,https://sports.yahoo.com/nfl/players/27648,19.13,https://football.fantasysports.yahoo.com/2020/f1/523631,Bryan,Krista,
157,Q/WR/T,8,10,https://football.fantasysports.yahoo.com/2020/f1/523631/matchup?mid1=10&mid2=8&week=15,D. Carr ,https://sports.yahoo.com/nfl/players/27564,2.65,https://football.fantasysports.yahoo.com/2020/f1/523631,Bryan,Krista,
158,DEF,8,10,https://football.fantasysports.yahoo.com/2020/f1/523631/matchup?mid1=10&mid2=8&week=15,Seattle  - DEF ,https://sports.yahoo.com/nfl/teams/seattle/,15,https://football.fantasysports.yahoo.com/2020/f1/523631,Bryan,Krista,
159,DEF,8,10,https://football.fantasysports.yahoo.com/2020/f1/523631/matchup?mid1=10&mid2=8&week=15,Tampa Bay  - DEF ,https://sports.yahoo.com/nfl/teams/tampa-bay/,11,https://football.fantasysports.yahoo.com/2020/f1/523631,Bryan,Krista,
160,QB,3,6,https://football.fantasysports.yahoo.com/2020/f1/523631/matchup?mid1=6&mid2=3&week=15,M. Trubisky ,https://sports.yahoo.com/nfl/players/30115,16.35,https://football.fantasysports.yahoo.com/2020/f1/523631,Duncan,David Casstevens,
161,WR,3,6,https://football.fantasysports.yahoo.com/2020/f1/523631/matchup?mid1=6&mid2=3&week=15,T. McLaurin ,https://sports.yahoo.com/nfl/players/31908,13.13,https://football.fantasysports.yahoo.com/2020/f1/523631,Duncan,David Casstevens,
162,WR,3,6,https://football.fantasysports.yahoo.com/2020/f1/523631/matchup?mid1=6&mid2=3&week=15,D. Johnson ,https://sports.yahoo.com/nfl/players/31898,17.38,https://football.fantasysports.yahoo.com/2020/f1/523631,Duncan,David Casstevens,
163,WR,3,6,https://football.fantasysports.yahoo.com/2020/f1/523631/matchup?mid1=6&mid2=3&week=15,R. Woods ,https://sports.yahoo.com/nfl/players/26664,21,https://football.fantasysports.yahoo.com/2020/f1/523631,Duncan,David Casstevens,
164,RB,3,6,https://football.fantasysports.yahoo.com/2020/f1/523631/matchup?mid1=6&mid2=3&week=15,A. Kamara ,https://sports.yahoo.com/nfl/players/30180,19.25,https://football.fantasysports.yahoo.com/2020/f1/523631,Duncan,David Casstevens,
165,RB,3,6,https://football.fantasysports.yahoo.com/2020/f1/523631/matchup?mid1=6&mid2=3&week=15,T. Pollard ,https://sports.yahoo.com/nfl/players/31960,31.5,https://football.fantasysports.yahoo.com/2020/f1/523631,Duncan,David Casstevens,
166,TE,3,6,https://football.fantasysports.yahoo.com/2020/f1/523631/matchup?mid1=6&mid2=3&week=15,T. Hockenson ,https://sports.yahoo.com/nfl/players/31840,1.25,https://football.fantasysports.yahoo.com/2020/f1/523631,Duncan,David Casstevens,
167,Q/WR/T,3,6,https://football.fantasysports.yahoo.com/2020/f1/523631/matchup?mid1=6&mid2=3&week=15,J. Hurts ,https://sports.yahoo.com/nfl/players/32723,42.78,https://football.fantasysports.yahoo.com/2020/f1/523631,Duncan,David Casstevens,
168,DEF,3,6,https://football.fantasysports.yahoo.com/2020/f1/523631/matchup?mid1=6&mid2=3&week=15,San Francisco  - DEF ,https://sports.yahoo.com/nfl/teams/san-francisco/,2,https://football.fantasysports.yahoo.com/2020/f1/523631,Duncan,David Casstevens,
169,DEF,3,6,https://football.fantasysports.yahoo.com/2020/f1/523631/matchup?mid1=6&mid2=3&week=15,Cleveland  - DEF ,https://sports.yahoo.com/nfl/teams/cleveland/,13.5,https://football.fantasysports.yahoo.com/2020/f1/523631,Duncan,David Casstevens,
170,QB,6,3,https://football.fantasysports.yahoo.com/2020/f1/523631/matchup?mid1=6&mid2=3&week=15,P. Mahomes ,https://sports.yahoo.com/nfl/players/30123,29.33,https://football.fantasysports.yahoo.com/2020/f1/523631,David Casstevens,Duncan,
171,WR,6,3,https://football.fantasysports.yahoo.com/2020/f1/523631/matchup?mid1=6&mid2=3&week=15,J. Smith-Schuster ,https://sports.yahoo.com/nfl/players/30175,1.38,https://football.fantasysports.yahoo.com/2020/f1/523631,David Casstevens,Duncan,
172,WR,6,3,https://football.fantasysports.yahoo.com/2020/f1/523631/matchup?mid1=6&mid2=3&week=15,D. Chark ,https://sports.yahoo.com/nfl/players/31031,8.63,https://football.fantasysports.yahoo.com/2020/f1/523631,David Casstevens,Duncan,
173,WR,6,3,https://football.fantasysports.yahoo.com/2020/f1/523631/matchup?mid1=6&mid2=3&week=15,M. Evans ,https://sports.yahoo.com/nfl/players/27535,16.75,https://football.fantasysports.yahoo.com/2020/f1/523631,David Casstevens,Duncan,
174,RB,6,3,https://football.fantasysports.yahoo.com/2020/f1/523631/matchup?mid1=6&mid2=3&week=15,M. Sanders ,https://sports.yahoo.com/nfl/players/31885,11.75,https://football.fantasysports.yahoo.com/2020/f1/523631,David Casstevens,Duncan,
175,RB,6,3,https://football.fantasysports.yahoo.com/2020/f1/523631/matchup?mid1=6&mid2=3&week=15,D. Montgomery ,https://sports.yahoo.com/nfl/players/31905,32.75,https://football.fantasysports.yahoo.com/2020/f1/523631,David Casstevens,Duncan,
176,TE,6,3,https://football.fantasysports.yahoo.com/2020/f1/523631/matchup?mid1=6&mid2=3&week=15,R. Gronkowski ,https://sports.yahoo.com/nfl/players/24017,5.13,https://football.fantasysports.yahoo.com/2020/f1/523631,David Casstevens,Duncan,
177,Q/WR/T,6,3,https://football.fantasysports.yahoo.com/2020/f1/523631/matchup?mid1=6&mid2=3&week=15,C. Akers ,https://sports.yahoo.com/nfl/players/32722,8.25,https://football.fantasysports.yahoo.com/2020/f1/523631,David Casstevens,Duncan,
178,DEF,6,3,https://football.fantasysports.yahoo.com/2020/f1/523631/matchup?mid1=6&mid2=3&week=15,Washington  - DEF ,https://sports.yahoo.com/nfl/teams/washington/,5.5,https://football.fantasysports.yahoo.com/2020/f1/523631,David Casstevens,Duncan,
179,DEF,6,3,https://football.fantasysports.yahoo.com/2020/f1/523631/matchup?mid1=6&mid2=3&week=15,Chicago  - DEF ,https://sports.yahoo.com/nfl/teams/chicago/,9.5,https://football.fantasysports.yahoo.com/2020/f1/523631,David Casstevens,Duncan,
180,QB,3,8,https://football.fantasysports.yahoo.com/2020/f1/523631/matchup?mid1=8&mid2=3&week=16,M. Trubisky ,https://sports.yahoo.com/nfl/players/30115,26.5,https://football.fantasysports.yahoo.com/2020/f1/523631,Duncan,Bryan,
181,WR,3,8,https://football.fantasysports.yahoo.com/2020/f1/523631/matchup?mid1=8&mid2=3&week=16,D. Johnson ,https://sports.yahoo.com/nfl/players/31898,19.5,https://football.fantasysports.yahoo.com/2020/f1/523631,Duncan,Bryan,
182,WR,3,8,https://football.fantasysports.yahoo.com/2020/f1/523631/matchup?mid1=8&mid2=3&week=16,R. Woods ,https://sports.yahoo.com/nfl/players/26664,8.13,https://football.fantasysports.yahoo.com/2020/f1/523631,Duncan,Bryan,
183,WR,3,8,https://football.fantasysports.yahoo.com/2020/f1/523631/matchup?mid1=8&mid2=3&week=16,R. Gage ,https://sports.yahoo.com/nfl/players/31164,4.88,https://football.fantasysports.yahoo.com/2020/f1/523631,Duncan,Bryan,
184,RB,3,8,https://football.fantasysports.yahoo.com/2020/f1/523631/matchup?mid1=8&mid2=3&week=16,A. Kamara ,https://sports.yahoo.com/nfl/players/30180,59,https://football.fantasysports.yahoo.com/2020/f1/523631,Duncan,Bryan,
185,RB,3,8,https://football.fantasysports.yahoo.com/2020/f1/523631/matchup?mid1=8&mid2=3&week=16,L. Bell ,https://sports.yahoo.com/nfl/players/26671,5.38,https://football.fantasysports.yahoo.com/2020/f1/523631,Duncan,Bryan,
186,TE,3,8,https://football.fantasysports.yahoo.com/2020/f1/523631/matchup?mid1=8&mid2=3&week=16,T. Hockenson ,https://sports.yahoo.com/nfl/players/31840,4.88,https://football.fantasysports.yahoo.com/2020/f1/523631,Duncan,Bryan,
187,Q/WR/T,3,8,https://football.fantasysports.yahoo.com/2020/f1/523631/matchup?mid1=8&mid2=3&week=16,J. Hurts ,https://sports.yahoo.com/nfl/players/32723,23.73,https://football.fantasysports.yahoo.com/2020/f1/523631,Duncan,Bryan,
188,DEF,3,8,https://football.fantasysports.yahoo.com/2020/f1/523631/matchup?mid1=8&mid2=3&week=16,Cleveland  - DEF ,https://sports.yahoo.com/nfl/teams/cleveland/,8,https://football.fantasysports.yahoo.com/2020/f1/523631,Duncan,Bryan,
189,DEF,3,8,https://football.fantasysports.yahoo.com/2020/f1/523631/matchup?mid1=8&mid2=3&week=16,Kansas City  - DEF ,https://sports.yahoo.com/nfl/teams/kansas-city/,10,https://football.fantasysports.yahoo.com/2020/f1/523631,Duncan,Bryan,
190,QB,8,3,https://football.fantasysports.yahoo.com/2020/f1/523631/matchup?mid1=8&mid2=3&week=16,D. Brees ,https://sports.yahoo.com/nfl/players/5479,11.18,https://football.fantasysports.yahoo.com/2020/f1/523631,Bryan,Duncan,
191,WR,8,3,https://football.fantasysports.yahoo.com/2020/f1/523631/matchup?mid1=8&mid2=3&week=16,A. Cooper ,https://sports.yahoo.com/nfl/players/28392,17.13,https://football.fantasysports.yahoo.com/2020/f1/523631,Bryan,Duncan,
192,WR,8,3,https://football.fantasysports.yahoo.com/2020/f1/523631/matchup?mid1=8&mid2=3&week=16,M. Jones Jr. ,https://sports.yahoo.com/nfl/players/25876,3.88,https://football.fantasysports.yahoo.com/2020/f1/523631,Bryan,Duncan,
193,WR,8,3,https://football.fantasysports.yahoo.com/2020/f1/523631/matchup?mid1=8&mid2=3&week=16,R. Anderson ,https://sports.yahoo.com/nfl/players/29785,14.38,https://football.fantasysports.yahoo.com/2020/f1/523631,Bryan,Duncan,
194,RB,8,3,https://football.fantasysports.yahoo.com/2020/f1/523631/matchup?mid1=8&mid2=3&week=16,M. Davis ,https://sports.yahoo.com/nfl/players/28514,9.5,https://football.fantasysports.yahoo.com/2020/f1/523631,Bryan,Duncan,
195,RB,8,3,https://football.fantasysports.yahoo.com/2020/f1/523631/matchup?mid1=8&mid2=3&week=16,M. Gaskin ,https://sports.yahoo.com/nfl/players/32066,35.63,https://football.fantasysports.yahoo.com/2020/f1/523631,Bryan,Duncan,
196,TE,8,3,https://football.fantasysports.yahoo.com/2020/f1/523631/matchup?mid1=8&mid2=3&week=16,L. Thomas ,https://sports.yahoo.com/nfl/players/27648,11.38,https://football.fantasysports.yahoo.com/2020/f1/523631,Bryan,Duncan,
197,Q/WR/T,8,3,https://football.fantasysports.yahoo.com/2020/f1/523631/matchup?mid1=8&mid2=3&week=16,A. Dalton ,https://sports.yahoo.com/nfl/players/24822,30.73,https://football.fantasysports.yahoo.com/2020/f1/523631,Bryan,Duncan,
198,DEF,8,3,https://football.fantasysports.yahoo.com/2020/f1/523631/matchup?mid1=8&mid2=3&week=16,Seattle  - DEF ,https://sports.yahoo.com/nfl/teams/seattle/,17.5,https://football.fantasysports.yahoo.com/2020/f1/523631,Bryan,Duncan,
199,DEF,8,3,https://football.fantasysports.yahoo.com/2020/f1/523631/matchup?mid1=8&mid2=3&week=16,Philadelphia  - DEF ,https://sports.yahoo.com/nfl/teams/philadelphia/,3.5,https://football.fantasysports.yahoo.com/2020/f1/523631,Bryan,Duncan,
200,QB,10,6,https://football.fantasysports.yahoo.com/2020/f1/523631/matchup?mid1=10&mid2=6&week=16,R. Wilson ,https://sports.yahoo.com/nfl/players/25785,22.38,https://football.fantasysports.yahoo.com/2020/f1/523631,Krista,David Casstevens,
201,WR,10,6,https://football.fantasysports.yahoo.com/2020/f1/523631/matchup?mid1=10&mid2=6&week=16,T. Lockett ,https://sports.yahoo.com/nfl/players/28457,7,https://football.fantasysports.yahoo.com/2020/f1/523631,Krista,David Casstevens,
202,WR,10,6,https://football.fantasysports.yahoo.com/2020/f1/523631/matchup?mid1=10&mid2=6&week=16,B. Cooks ,https://sports.yahoo.com/nfl/players/27548,27.13,https://football.fantasysports.yahoo.com/2020/f1/523631,Krista,David Casstevens,
203,WR,10,6,https://football.fantasysports.yahoo.com/2020/f1/523631/matchup?mid1=10&mid2=6&week=16,M. Brown ,https://sports.yahoo.com/nfl/players/31857,11.13,https://football.fantasysports.yahoo.com/2020/f1/523631,Krista,David Casstevens,
204,RB,10,6,https://football.fantasysports.yahoo.com/2020/f1/523631/matchup?mid1=10&mid2=6&week=16,J. McKissic ,https://sports.yahoo.com/nfl/players/29650,21.5,https://football.fantasysports.yahoo.com/2020/f1/523631,Krista,David Casstevens,
205,RB,10,6,https://football.fantasysports.yahoo.com/2020/f1/523631/matchup?mid1=10&mid2=6&week=16,L. Fournette ,https://sports.yahoo.com/nfl/players/30117,15.75,https://football.fantasysports.yahoo.com/2020/f1/523631,Krista,David Casstevens,
206,TE,10,6,https://football.fantasysports.yahoo.com/2020/f1/523631/matchup?mid1=10&mid2=6&week=16,J. Cook ,https://sports.yahoo.com/nfl/players/9353,11.75,https://football.fantasysports.yahoo.com/2020/f1/523631,Krista,David Casstevens,
207,Q/WR/T,10,6,https://football.fantasysports.yahoo.com/2020/f1/523631/matchup?mid1=10&mid2=6&week=16,M. Ryan ,https://sports.yahoo.com/nfl/players/8780,22.88,https://football.fantasysports.yahoo.com/2020/f1/523631,Krista,David Casstevens,
208,DEF,10,6,https://football.fantasysports.yahoo.com/2020/f1/523631/matchup?mid1=10&mid2=6&week=16,Houston  - DEF ,https://sports.yahoo.com/nfl/teams/houston/,-1,https://football.fantasysports.yahoo.com/2020/f1/523631,Krista,David Casstevens,
209,DEF,10,6,https://football.fantasysports.yahoo.com/2020/f1/523631/matchup?mid1=10&mid2=6&week=16,Pittsburgh  - DEF ,https://sports.yahoo.com/nfl/teams/pittsburgh/,15.5,https://football.fantasysports.yahoo.com/2020/f1/523631,Krista,David Casstevens,
210,QB,6,10,https://football.fantasysports.yahoo.com/2020/f1/523631/matchup?mid1=10&mid2=6&week=16,P. Mahomes ,https://sports.yahoo.com/nfl/players/30123,22.53,https://football.fantasysports.yahoo.com/2020/f1/523631,David Casstevens,Krista,
211,WR,6,10,https://football.fantasysports.yahoo.com/2020/f1/523631/matchup?mid1=10&mid2=6&week=16,J. Smith-Schuster ,https://sports.yahoo.com/nfl/players/30175,22.5,https://football.fantasysports.yahoo.com/2020/f1/523631,David Casstevens,Krista,
212,WR,6,10,https://football.fantasysports.yahoo.com/2020/f1/523631/matchup?mid1=10&mid2=6&week=16,D. Chark ,https://sports.yahoo.com/nfl/players/31031,15.75,https://football.fantasysports.yahoo.com/2020/f1/523631,David Casstevens,Krista,
213,WR,6,10,https://football.fantasysports.yahoo.com/2020/f1/523631/matchup?mid1=10&mid2=6&week=16,M. Evans ,https://sports.yahoo.com/nfl/players/27535,39.63,https://football.fantasysports.yahoo.com/2020/f1/523631,David Casstevens,Krista,
214,RB,6,10,https://football.fantasysports.yahoo.com/2020/f1/523631/matchup?mid1=10&mid2=6&week=16,M. Sanders ,https://sports.yahoo.com/nfl/players/31885,18.5,https://football.fantasysports.yahoo.com/2020/f1/523631,David Casstevens,Krista,
215,RB,6,10,https://football.fantasysports.yahoo.com/2020/f1/523631/matchup?mid1=10&mid2=6&week=16,D. Montgomery ,https://sports.yahoo.com/nfl/players/31905,22.13,https://football.fantasysports.yahoo.com/2020/f1/523631,David Casstevens,Krista,
216,TE,6,10,https://football.fantasysports.yahoo.com/2020/f1/523631/matchup?mid1=10&mid2=6&week=16,R. Gronkowski ,https://sports.yahoo.com/nfl/players/24017,20.25,https://football.fantasysports.yahoo.com/2020/f1/523631,David Casstevens,Krista,
217,Q/WR/T,6,10,https://football.fantasysports.yahoo.com/2020/f1/523631/matchup?mid1=10&mid2=6&week=16,D. Henderson Jr. ,https://sports.yahoo.com/nfl/players/31902,7.75,https://football.fantasysports.yahoo.com/2020/f1/523631,David Casstevens,Krista,
218,DEF,6,10,https://football.fantasysports.yahoo.com/2020/f1/523631/matchup?mid1=10&mid2=6&week=16,Washington  - DEF ,https://sports.yahoo.com/nfl/teams/washington/,16.5,https://football.fantasysports.yahoo.com/2020/f1/523631,David Casstevens,Krista,
219,DEF,6,10,https://football.fantasysports.yahoo.com/2020/f1/523631/matchup?mid1=10&mid2=6&week=16,Chicago  - DEF ,https://sports.yahoo.com/nfl/teams/chicago/,8.5,https://football.fantasysports.yahoo.com/2020/f1/523631,David Casstevens,Krista,
