,player_id,name,position_type,eligible_positions,percent_owned,status,league
0,1025,Brett Favre,O,QB,96,,175.l.580505
1,1078,Matt Stover,K,K,51,,175.l.580505
2,3135,Joey Galloway,O,WR,95,,175.l.580505
3,3512,Bobby Engram,O,WR,84,,175.l.580505
4,3514,Marvin Harrison,O,WR,92,,175.l.580505
5,3664,Terrell Owens,O,WR,100,,175.l.580505
6,3950,Tony Gonzalez,O,TE,98,,175.l.580505
7,4256,Peyton Manning,O,QB,100,,175.l.580505
8,4262,Randy Moss,O,WR,100,,175.l.580505
9,4323,Hines Ward,O,WR,95,,175.l.580505
10,4416,Matt Hasselbeck,O,QB,94,,175.l.580505
11,4541,Kurt Warner,O,QB,60,,175.l.580505
12,4650,Donovan McNabb,O,QB,91,,175.l.580505
13,4652,Edgerrin James,O,RB,97,,175.l.580505
14,4654,Torry Holt,O,WR,99,,175.l.580505
15,4878,Kris Brown,K,K,53,,175.l.580505
16,5034,Jamal Lewis,O,RB,93,,175.l.580505
17,5037,Plaxico Burress,O,WR,99,,175.l.580505
18,5048,Shaun Alexander,O,RB,92,,175.l.580505
19,5197,Marc Bulger,O,QB,60,,175.l.580505
20,5228,Tom Brady,O,QB,100,,175.l.580505
21,5452,LaDainian Tomlinson,O,RB,100,,175.l.580505
22,5477,Reggie Wayne,O,WR,100,,175.l.580505
23,5479,Drew Brees,O,QB,97,,175.l.580505
24,5483,Chad Johnson,O,WR,100,,175.l.580505
25,5499,Chris Chambers,O,WR,79,,175.l.580505
26,5505,Travis Henry,O,RB,86,,175.l.580505
27,5521,Steve Smith Sr.,O,WR,99,,175.l.580505
28,5652,T.J. Houshmandzadeh,O,WR,100,,175.l.580505
29,5744,Kenny Watson,O,RB,58,,175.l.580505
30,5854,Shayne Graham,K,K,72,,175.l.580505
31,5899,Donte' Stallworth,O,WR,84,,175.l.580505
32,5937,Clinton Portis,O,RB,97,,175.l.580505
33,5951,Deion Branch,O,WR,81,,175.l.580505
34,5977,Brian Westbrook,O,RB,100,,175.l.580505
35,6142,Chester Taylor,O,RB,81,,175.l.580505
36,6337,Carson Palmer,O,QB,100,,175.l.580505
37,6339,Andre Johnson,O,WR,97,,175.l.580505
38,6359,Willis McGahee,O,RB,98,,175.l.580505
39,6360,Dallas Clark,O,TE,96,,175.l.580505
40,6390,Anquan Boldin,O,WR,95,,175.l.580505
41,6405,Jason Witten,O,TE,98,,175.l.580505
42,6410,Kevin Curtis,O,WR,90,,175.l.580505
43,6492,Donald Lee,O,TE,64,,175.l.580505
44,6558,Josh Brown,K,K,68,,175.l.580505
45,6624,Tony Romo,O,QB,99,,175.l.580505
46,6663,Antonio Gates,O,TE,100,,175.l.580505
47,6762,Larry Fitzgerald,O,WR,99,,175.l.580505
48,6765,Kellen Winslow,O,TE,98,,175.l.580505
49,6770,Ben Roethlisberger,O,QB,95,,175.l.580505
50,6772,Lee Evans,O,WR,87,,175.l.580505
51,6783,Steven Jackson,O,RB,97,,175.l.580505
52,6789,Kevin Jones,O,RB,78,,175.l.580505
53,6791,Ben Watson,O,TE,86,,175.l.580505
54,6840,Chris Cooley,O,TE,95,,175.l.580505
55,6975,Patrick Crayton,O,WR,82,,175.l.580505
56,7027,Wes Welker,O,WR,96,,175.l.580505
57,7073,Willie Parker,O,RB,99,,175.l.580505
58,7108,Earnest Graham,O,RB,86,,175.l.580505
59,7179,Braylon Edwards,O,WR,98,,175.l.580505
60,7206,Heath Miller,O,TE,90,,175.l.580505
61,7241,Frank Gore,O,RB,98,,175.l.580505
62,7259,Chris Henry,O,WR,59,,175.l.580505
63,7285,Marion Barber,O,RB,97,,175.l.580505
64,7389,Derek Anderson,O,QB,94,,175.l.580505
65,7635,Ryan Grant,O,RB,81,,175.l.580505
66,7751,Reggie Bush,O,RB,94,,175.l.580505
67,7774,Santonio Holmes,O,WR,90,,175.l.580505
68,7779,Joseph Addai,O,RB,100,,175.l.580505
69,7794,LenDale White,O,RB,85,,175.l.580505
70,7801,Greg Jennings,O,WR,94,,175.l.580505
71,7809,Maurice Jones-Drew,O,RB,96,,175.l.580505
72,7867,Stephen Gostkowski,K,K,78,,175.l.580505
73,7868,Brandon Marshall,O,WR,86,,175.l.580505
74,8001,Marques Colston,O,WR,98,,175.l.580505
75,8256,Calvin Johnson,O,WR,89,,175.l.580505
76,8261,Adrian Peterson,O,RB,98,,175.l.580505
77,8266,Marshawn Lynch,O,RB,95,,175.l.580505
78,8432,Nick Folk,K,K,86,,175.l.580505
79,8447,Mason Crosby,K,K,69,,175.l.580505
80,100006,Dallas,DT,DEF,91,,175.l.580505
81,100009,Green Bay,DT,DEF,85,,175.l.580505
82,100010,Tennessee,DT,DEF,57,,175.l.580505
83,100016,Minnesota,DT,DEF,92,,175.l.580505
84,100017,New England,DT,DEF,99,,175.l.580505
85,100019,New York,DT,DEF,79,,175.l.580505
86,100023,Pittsburgh,DT,DEF,96,,175.l.580505
87,100024,Los Angeles,DT,DEF,96,,175.l.580505
88,100026,Seattle,DT,DEF,82,,175.l.580505
89,100028,Washington,DT,DEF,40,,175.l.580505
90,549,John Carney,K,K,31,,222.l.790872
91,3988,Derrick Mason,O,WR,88,,222.l.790872
92,4080,Ryan Longwell,K,K,95,,222.l.790872
93,4587,David Akers,K,K,97,,222.l.790872
94,4653,Ricky Williams,O,RB,94,,222.l.790872
95,4863,Donald Driver,O,WR,94,,222.l.790872
96,5036,Thomas Jones,O,RB,97,,222.l.790872
97,5463,Santana Moss,O,WR,78,,222.l.790872
98,5900,Jeremy Shockey,O,TE,81,,222.l.790872
99,5942,Ladell Betts,O,RB,4,,222.l.790872
100,6407,Nate Burleson,O,WR,63,,222.l.790872
101,6427,Visanthe Shiancoe,O,TE,85,,222.l.790872
102,6763,Philip Rivers,O,QB,99,,222.l.790872
103,6766,Roy Williams,O,WR,79,,222.l.790872
104,6802,Julius Jones,O,RB,59,,222.l.790872
105,6824,Nate Kaeding,K,K,93,,222.l.790872
106,6837,Bernard Berrian,O,WR,63,,222.l.790872
107,6849,Matt Schaub,O,QB,97,,222.l.790872
108,6867,Jerricho Cotchery,O,WR,72,,222.l.790872
109,6913,Michael Turner,O,RB,94,,222.l.790872
110,7022,Lawrence Tynes,K,K,76,,222.l.790872
111,7178,Ronnie Brown,O,RB,33,,222.l.790872
112,7180,Cedric Benson,O,RB,96,,222.l.790872
113,7200,Aaron Rodgers,O,QB,99,,222.l.790872
114,7203,Roddy White,O,WR,99,,222.l.790872
115,7237,Vincent Jackson,O,WR,98,,222.l.790872
116,7253,Ryan Moats,O,RB,24,,222.l.790872
117,7282,Kyle Orton,O,QB,64,,222.l.790872
118,7286,Brandon Jacobs,O,RB,93,,222.l.790872
119,7306,Darren Sproles,O,RB,75,,222.l.790872
120,7434,Rob Bironas,K,K,82,,222.l.790872
121,7755,Vernon Davis,O,TE,96,,222.l.790872
122,7776,DeAngelo Williams,O,RB,98,,222.l.790872
123,7806,Devin Hester,O,WR,71,,222.l.790872
124,8021,Miles Austin,O,WR,96,,222.l.790872
125,8281,Robert Meachem,O,WR,76,,222.l.790872
126,8285,Greg Olsen,O,TE,83,,222.l.790872
127,8298,Sidney Rice,O,WR,93,,222.l.790872
128,8305,Steve Smith,O,WR,94,,222.l.790872
129,8333,Mike Sims-Walker,O,WR,88,,222.l.790872
130,8396,Steve Breaston,O,WR,66,,222.l.790872
131,8407,Kevin Boss,O,TE,48,,222.l.790872
132,8416,Brent Celek,O,TE,90,,222.l.790872
133,8504,Ahmad Bradshaw,O,RB,66,,222.l.790872
134,8561,Pierre Thomas,O,RB,93,,222.l.790872
135,8565,Matt Prater,K,K,56,,222.l.790872
136,8790,Jonathan Stewart,O,RB,85,,222.l.790872
137,8795,Joe Flacco,O,QB,79,,222.l.790872
138,8800,Rashard Mendenhall,O,RB,91,,222.l.790872
139,8801,Chris Johnson,O,RB,99,,222.l.790872
140,8821,Matt Forte,O,RB,96,,222.l.790872
141,8826,DeSean Jackson,O,WR,98,,222.l.790872
142,8832,Ray Rice,O,RB,96,,222.l.790872
143,8841,Kevin Smith,O,RB,61,,222.l.790872
144,8866,Steve Slaton,O,RB,55,,222.l.790872
145,8872,Mario Manningham,O,WR,71,,222.l.790872
146,8926,Tim Hightower,O,RB,81,,222.l.790872
147,9010,Justin Forsett,O,RB,57,,222.l.790872
148,9222,Garrett Hartley,K,K,53,,222.l.790872
149,9283,Jeremy Maclin,O,WR,54,,222.l.790872
150,9286,Percy Harvin,O,WR,92,,222.l.790872
151,9293,Hakeem Nicks,O,WR,73,,222.l.790872
152,9348,Mike Wallace,O,WR,40,,222.l.790872
153,100003,Chicago,DT,DEF,53,,222.l.790872
154,100007,Denver,DT,DEF,70,,222.l.790872
155,100018,New Orleans,DT,DEF,92,,222.l.790872
157,100021,Philadelphia,DT,DEF,96,,222.l.790872
158,100022,Arizona,DT,DEF,72,,222.l.790872
159,100025,San Francisco,DT,DEF,71,,222.l.790872
160,100033,Baltimore,DT,DEF,95,,222.l.790872
161,3727,Adam Vinatieri,K,K,76,,242.l.438659
162,4157,Jon Kitna,O,QB,49,,242.l.438659
163,5046,Sebastian Janikowski,K,K,86,,242.l.438659
164,5198,Neil Rackers,K,K,46,,242.l.438659
165,5448,Mike Vick,O,QB,95,,242.l.438659
166,5478,Todd Heap,O,TE,55,,242.l.438659
167,6243,Matt Bryant,K,K,84,,242.l.438659
168,6460,Brandon Lloyd,O,WR,96,,242.l.438659
169,6760,Eli Manning,O,QB,94,,242.l.438659
170,6896,Josh Scobee,K,K,61,,242.l.438659
171,7149,Malcom Floyd,O,WR,78,,242.l.438659
172,7406,Matt Cassel,O,QB,62,,242.l.438659
173,7544,Lance Moore,O,WR,64,,242.l.438659
174,7777,Marcedes Lewis,O,TE,90,,242.l.438659
175,8063,Fred Jackson,O,RB,79,,242.l.438659
176,8277,Dwayne Bowe,O,WR,98,,242.l.438659
177,8317,Brandon Jackson,O,RB,66,,242.l.438659
178,8780,Matt Ryan,O,QB,94,,242.l.438659
179,8781,Darren McFadden,O,RB,96,,242.l.438659
180,8850,Jamaal Charles,O,RB,98,,242.l.438659
181,8905,Ryan Torain,O,RB,64,,242.l.438659
182,8916,Jacob Tamme,O,TE,87,,242.l.438659
183,8982,Pierre Garcon,O,WR,90,,242.l.438659
184,9001,Stevie Johnson,O,WR,89,,242.l.438659
185,9004,Peyton Hillis,O,RB,96,,242.l.438659
186,9032,Dan Carpenter,K,K,76,,242.l.438659
187,9039,BenJarvus Green-Ellis,O,RB,86,,242.l.438659
188,9043,Mike Tolbert,O,RB,83,,242.l.438659
189,9269,Mark Sanchez,O,QB,60,,242.l.438659
190,9276,Knowshon Moreno,O,RB,91,,242.l.438659
191,9284,Brandon Pettigrew,O,TE,59,,242.l.438659
192,9294,Kenny Britt,O,WR,73,,242.l.438659
193,9317,LeSean McCoy,O,RB,98,,242.l.438659
194,9391,Austin Collie,O,WR,65,,242.l.438659
195,9436,David Buehler,K,K,25,,242.l.438659
196,9527,Arian Foster,O,RB,99,,242.l.438659
197,9560,Danny Woodhead,O,WR,83,,242.l.438659
198,9560,Danny Woodhead,O,RB,83,,242.l.438659
199,23987,Ryan Mathews,O,RB,78,,242.l.438659
200,24005,Jahvid Best,O,RB,84,,242.l.438659
201,24017,Rob Gronkowski,O,TE,55,,242.l.438659
202,24076,Mike Williams,O,WR,87,,242.l.438659
203,24088,Aaron Hernandez,O,TE,60,,242.l.438659
204,24175,Joe Webb III,O,QB,40,,242.l.438659
205,24175,Joe Webb III,O,WR,40,,242.l.438659
206,24318,LeGarrette Blount,O,RB,79,,242.l.438659
207,24611,Keiland Williams,O,RB,23,,242.l.438659
208,100015,Miami,DT,DEF,48,,242.l.438659
209,1111,John Kasay,K,K,84,,257.l.211725
210,2034,Jason Hanson,K,K,68,,257.l.211725
211,5919,Jabar Gaffney,O,WR,58,,257.l.211725
212,7223,Mike Nugent,K,K,30,,257.l.211725
213,7492,Nate Washington,O,WR,76,,257.l.211725
214,7760,Jay Cutler,O,QB,34,,257.l.211725
215,7847,Owen Daniels,O,TE,82,,257.l.211725
216,8329,Laurent Robinson,O,WR,85,,257.l.211725
217,8354,Michael Bush,O,RB,94,,257.l.211725
218,8799,Felix Jones,O,RB,84,,257.l.211725
219,8813,Jordy Nelson,O,WR,96,,257.l.211725
220,8825,Fred Davis,O,TE,33,,257.l.211725
221,8868,Jermichael Finley,O,TE,98,,257.l.211725
222,9265,Matthew Stafford,O,QB,97,,257.l.211725
223,9271,Darrius Heyward-Bey,O,WR,32,,257.l.211725
224,9274,Michael Crabtree,O,WR,61,,257.l.211725
225,9295,Beanie Wells,O,RB,93,,257.l.211725
226,9329,Shonn Greene,O,RB,96,,257.l.211725
227,23984,C.J. Spiller,O,RB,75,,257.l.211725
228,23997,Demaryius Thomas,O,WR,41,,257.l.211725
229,23999,Dez Bryant,O,WR,99,,257.l.211725
230,24000,Tim Tebow,O,QB,74,,257.l.211725
231,24011,Dexter McCluster,O,WR,38,,257.l.211725
232,24011,Dexter McCluster,O,RB,38,,257.l.211725
233,24070,Jimmy Graham,O,TE,99,,257.l.211725
234,24171,Antonio Brown,O,WR,85,,257.l.211725
235,24272,David Nelson,O,WR,41,,257.l.211725
236,24550,Jake Ballard,O,TE,39,,257.l.211725
237,24553,Victor Cruz,O,WR,94,,257.l.211725
238,24788,Cam Newton,O,QB,97,,257.l.211725
239,24791,A.J. Green,O,WR,95,,257.l.211725
240,24793,Julio Jones,O,WR,90,,257.l.211725
241,24845,Torrey Smith,O,WR,77,,257.l.211725
242,24892,Roy Helu Jr.,O,RB,80,,257.l.211725
243,25427,Dan Bailey,K,K,90,,257.l.211725
244,100004,Cincinnati,DT,DEF,68,,257.l.211725
245,100008,Detroit,DT,DEF,81,,257.l.211725
246,100034,Houston,DT,DEF,82,,257.l.211725
247,4269,Phil Dawson,K,K,22,,273.l.324073
248,8332,James Jones,O,WR,87,,273.l.324073
249,8383,Scott Chandler,O,TE,35,,273.l.324073
250,8739,Jackie Battle,O,RB,14,,273.l.324073
251,9037,Danny Amendola,O,WR,69,,273.l.324073
252,9219,Connor Barth,K,K,48,,273.l.324073
253,9466,Brandon Myers,O,TE,58,,273.l.324073
254,23996,Jermaine Gresham,O,TE,87,,273.l.324073
255,24035,Golden Tate,O,WR,42,,273.l.324073
256,24062,Eric Decker,O,WR,97,,273.l.324073
257,24757,Danario Alexander,O,WR,66,,273.l.324073
258,24822,Andy Dalton,O,QB,80,,273.l.324073
259,24844,Mikel Leshoure,O,RB,86,,273.l.324073
260,24851,Randall Cobb,O,WR,95,,273.l.324073
261,24858,DeMarco Murray,O,RB,96,,273.l.324073
262,24860,Stevan Ridley,O,RB,96,,273.l.324073
263,24901,Cecil Shorts III,O,WR,74,,273.l.324073
264,24932,Jacquizz Rodgers,O,RB,55,,273.l.324073
265,24935,Denarius Moore,O,WR,79,,273.l.324073
266,25711,Andrew Luck,O,QB,92,,273.l.324073
267,25712,Robert Griffin III,O,QB,98,,273.l.324073
268,25713,Trent Richardson,O,RB,98,,273.l.324073
269,25741,Doug Martin,O,RB,99,,273.l.324073
270,25742,David Wilson,O,RB,69,,273.l.324073
271,25802,T.Y. Hilton,O,WR,74,,273.l.324073
272,25880,Vick Ballard,O,RB,57,,273.l.324073
273,25883,Alfred Morris,O,RB,96,,273.l.324073
274,26534,Justin Tucker,K,K,73,,273.l.324073
275,26561,Josh Gordon,O,WR,56,,273.l.324073
276,100001,Atlanta,DT,DEF,60,,273.l.324073
277,8838,Martellus Bennett,O,TE,86,,314.l.378899
278,8861,Harry Douglas,O,WR,76,,314.l.378899
279,9066,Stephen Hauschka,K,K,81,,314.l.378899
280,9393,Andre Brown,O,RB,80,,314.l.378899
281,9496,Julian Edelman,O,WR,86,,314.l.378899
282,9514,Rashad Jennings,O,RB,77,,314.l.378899
283,9520,Ryan Succop,K,K,33,,314.l.378899
284,24026,Toby Gerhart,O,RB,20,,314.l.378899
285,24135,Riley Cooper,O,WR,80,,314.l.378899
286,24843,Shane Vereen,O,RB,81,,314.l.378899
287,24889,Jordan Cameron,O,TE,84,,314.l.378899
288,24916,Julius Thomas,O,TE,97,,314.l.378899
289,25723,Michael Floyd,O,WR,77,,314.l.378899
290,25744,Coby Fleener,O,TE,66,,314.l.378899
291,25755,Alshon Jeffery,O,WR,96,,314.l.378899
292,25773,Rueben Randle,O,WR,63,,314.l.378899
293,25785,Russell Wilson,O,QB,97,,314.l.378899
294,25798,Nick Foles,O,QB,89,,314.l.378899
295,25820,Ladarius Green,O,TE,12,,314.l.378899
296,26631,Tavon Austin,O,WR,61,,314.l.378899
297,26652,Cordarrelle Patterson,O,WR,45,,314.l.378899
298,26660,Giovani Bernard,O,RB,94,,314.l.378899
299,26671,Le'Veon Bell,O,RB,90,,314.l.378899
300,26681,Montee Ball,O,RB,63,,314.l.378899
301,26684,Eddie Lacy,O,RB,98,,314.l.378899
302,26697,Terrance Williams,O,WR,43,,314.l.378899
303,26699,Keenan Allen,O,WR,90,,314.l.378899
304,26708,Jordan Reed,O,TE,40,,314.l.378899
305,26774,Joseph Randle,O,RB,4,,314.l.378899
306,26783,Zac Stacy,O,RB,90,,314.l.378899
307,27311,Dennis Johnson,O,RB,24,,314.l.378899
308,100002,Buffalo,DT,DEF,42,,314.l.378899
309,100005,Cleveland,DT,DEF,43,,314.l.378899
310,100012,Kansas City,DT,DEF,96,,314.l.378899
312,100029,Carolina,DT,DEF,90,,314.l.378899
313,7177,Alex Smith,O,QB,41,,331.l.329823
314,7924,Delanie Walker,O,TE,84,,331.l.329823
315,24053,Brandon LaFell,O,WR,81,,331.l.329823
316,24057,Emmanuel Sanders,O,WR,98,,331.l.329823
317,24169,James Starks,O,RB,20,,331.l.329823
318,24262,Joique Bell,O,RB,94,,331.l.329823
319,24400,Chris Ivory,O,RB,69,,331.l.329823
320,24815,Mark Ingram II,O,RB,93,,331.l.329823
321,24823,Colin Kaepernick,O,QB,78,,331.l.329823
322,25105,Doug Baldwin,O,WR,37,,331.l.329823
323,25718,Ryan Tannehill,O,QB,71,,331.l.329823
324,25774,Dwayne Allen,O,TE,68,,331.l.329823
325,25793,Mohamed Sanu Sr.,O,WR,70,,331.l.329823
326,25807,Lamar Miller,O,RB,92,,331.l.329823
327,25901,Daniel Herron,O,RB,61,,331.l.329823
328,26273,Jonas Gray,O,RB,37,,331.l.329823
329,26650,DeAndre Hopkins,O,WR,91,,331.l.329823
330,26664,Robert Woods,O,WR,10,,331.l.329823
331,26686,Travis Kelce,O,TE,83,,331.l.329823
332,26719,Knile Davis,O,RB,44,,331.l.329823
333,26767,Kenny Stills,O,WR,73,,331.l.329823
334,26804,Latavius Murray,O,RB,56,,331.l.329823
335,26807,Mychal Rivera,O,TE,27,,331.l.329823
336,26839,Charles Johnson,O,WR,37,,331.l.329823
337,26853,Kerwynn Williams,O,RB,17,,331.l.329823
338,26859,Marquess Wilson,O,WR,25,,331.l.329823
339,26878,C.J. Anderson,O,RB,90,,331.l.329823
340,27532,Sammy Watkins,O,WR,92,,331.l.329823
341,27535,Mike Evans,O,WR,95,,331.l.329823
342,27540,Odell Beckham Jr.,O,WR,93,,331.l.329823
343,27550,Johnny Manziel,O,QB,30,,331.l.329823
344,27556,Kelvin Benjamin,O,WR,95,,331.l.329823
345,27570,Jordan Matthews,O,WR,76,,331.l.329823
346,27582,Bishop Sankey,O,RB,66,,331.l.329823
347,27583,Jeremy Hill,O,RB,91,,331.l.329823
348,27603,Tre Mason,O,RB,80,,331.l.329823
349,27622,Terrance West,O,RB,48,,331.l.329823
350,27641,Andre Williams,O,RB,64,,331.l.329823
351,27646,Martavis Bryant,O,WR,62,,331.l.329823
352,27911,Cody Parkey,K,K,84,,331.l.329823
353,28014,Isaiah Crowell,O,RB,65,,331.l.329823
354,28272,Branden Oliver,O,RB,35,,331.l.329823
355,100011,Indianapolis,DT,DEF,50,,331.l.329823
356,100027,Tampa Bay,DT,DEF,10,,331.l.329823
357,7426,Ryan Fitzpatrick,O,QB,51,,348.l.216667
358,8263,Ted Ginn Jr.,O,WR,69,,348.l.216667
359,8907,Gary Barnidge,O,TE,91,,348.l.216667
360,9444,Zach Miller,O,TE,37,,348.l.216667
361,9526,Graham Gano,K,K,77,,348.l.216667
362,24967,Tyrod Taylor,O,QB,56,,348.l.216667
363,24970,Jordan Todman,O,RB,0,,348.l.216667
364,25379,Kamar Aiken,O,WR,67,,348.l.216667
365,25481,Shaun Draughn,O,RB,49,,348.l.216667
366,25777,Ronnie Hillman,O,RB,64,,348.l.216667
367,25810,Travis Benjamin,O,WR,73,,348.l.216667
368,25812,Kirk Cousins,O,QB,45,,348.l.216667
369,25876,Marvin Jones Jr.,O,WR,52,,348.l.216667
370,25885,Blair Walsh,K,K,53,,348.l.216667
371,26596,Fozzy Whittaker,O,RB,12,,348.l.216667
372,26678,Vance McDonald,O,TE,6,,348.l.216667
373,26685,Christine Michael,O,RB,38,,348.l.216667
374,26702,Markus Wheaton,O,WR,43,,348.l.216667
375,26758,Denard Robinson,O,RB,70,,348.l.216667
376,26810,Andre Ellington,O,RB,47,,348.l.216667
377,26817,Spencer Ware,O,RB,43,,348.l.216667
378,27531,Blake Bortles,O,QB,86,,348.l.216667
379,27538,Eric Ebron,O,TE,30,,348.l.216667
380,27548,Brandin Cooks,O,WR,98,,348.l.216667
381,27581,Davante Adams,O,WR,68,,348.l.216667
382,27589,Allen Robinson II,O,WR,98,,348.l.216667
383,27591,Jarvis Landry,O,WR,97,,348.l.216667
384,27619,John Brown,O,WR,90,,348.l.216667
385,27624,Jerick McKinnon,O,RB,10,,348.l.216667
386,27626,Richard Rodgers,O,TE,59,,348.l.216667
387,27631,Devonta Freeman,O,RB,98,,348.l.216667
388,27658,James White,O,RB,57,,348.l.216667
389,27709,Alfred Blue,O,RB,39,,348.l.216667
390,27874,Allen Hurns,O,WR,82,,348.l.216667
391,28026,Willie Snead IV,O,WR,53,,348.l.216667
392,28044,Charcandrick West,O,RB,87,,348.l.216667
393,28103,Chandler Catanzaro,K,K,64,,348.l.216667
394,28227,Cairo Santos,K,K,57,,348.l.216667
395,28392,Amari Cooper,O,WR,97,,348.l.216667
396,28398,Todd Gurley II,O,RB,98,,348.l.216667
397,28402,DeVante Parker,O,WR,33,,348.l.216667
398,28428,Dorial Green-Beckham,O,WR,23,,348.l.216667
399,28457,Tyler Lockett,O,WR,67,,348.l.216667
400,28461,Tevin Coleman,O,RB,30,,348.l.216667
401,28474,David Johnson,O,RB,90,,348.l.216667
402,28483,Matt Jones,O,RB,43,,348.l.216667
403,28494,Jeremy Langford,O,RB,66,,348.l.216667
404,28513,Javorius Allen,O,RB,70,,348.l.216667
405,28534,Stefon Diggs,O,WR,56,,348.l.216667
406,28543,Karlos Williams,O,RB,59,,348.l.216667
407,28562,Cameron Artis-Payne,O,RB,43,,348.l.216667
408,24830,Kyle Rudolph,O,TE,86,,359.l.287220
410,26658,Zach Ertz,O,TE,88,,359.l.287220
412,27277,Adam Thielen,O,WR,32,,359.l.287220
414,28267,Cameron Brate,O,TE,80,,359.l.287220
416,28389,Jameis Winston,O,QB,83,,359.l.287220
417,28403,Melvin Gordon,O,RB,92,,359.l.287220
419,28482,Ty Montgomery,O,WR,83,,359.l.287220
420,28482,Ty Montgomery,O,RB,83,,359.l.287220
422,29238,Ezekiel Elliott,O,RB,100,,359.l.287220
424,29274,Sterling Shepard,O,WR,79,,359.l.287220
426,29279,Derrick Henry,O,RB,47,,359.l.287220
428,29281,Michael Thomas,O,WR,90,,359.l.287220
430,29369,Dak Prescott,O,QB,87,,359.l.287220
431,29399,Tyreek Hill,O,WR,85,,359.l.287220
433,26721,Matt Barkley,O,QB,5,,359.l.370526
435,29288,Tyler Boyd,O,WR,39,,359.l.370526
437,26483,Case Keenum,O,QB,77,,371.l.347949
439,26701,Marquise Goodwin,O,WR,67,,371.l.347949
441,27590,Jimmy Garoppolo,O,QB,32,,371.l.347949
443,28408,Nelson Agholor,O,WR,84,,371.l.347949
445,29235,Jared Goff,O,QB,90,,371.l.347949
447,29307,Kenyan Drake,O,RB,89,,371.l.347949
449,29315,Austin Hooper,O,TE,58,,371.l.347949
451,29785,Robbie Anderson,O,WR,84,,371.l.347949
453,29789,Stephen Anderson,O,TE,14,,371.l.347949
455,30117,Leonard Fournette,O,RB,100,,371.l.347949
457,30121,Christian McCaffrey,O,RB,98,,371.l.347949
459,30136,Evan Engram,O,TE,92,,371.l.347949
461,30142,David Njoku,O,TE,7,,371.l.347949
463,30161,Joe Mixon,O,RB,86,,371.l.347949
465,30175,JuJu Smith-Schuster,O,WR,93,,371.l.347949
467,30180,Alvin Kamara,O,RB,97,,371.l.347949
469,30182,Cooper Kupp,O,WR,75,,371.l.347949
471,30199,Kareem Hunt,O,RB,99,,371.l.347949
473,30218,James Conner,O,RB,3,,371.l.347949
475,30247,Jamaal Williams,O,RB,75,,371.l.347949
477,30396,Keelan Cole,O,WR,53,,371.l.347949
479,100030,Jacksonville,DT,DEF,97,,371.l.347949
480,26060,Cole Beasley,O,WR,15,,371.l.765588
482,29236,Carson Wentz,O,QB,48,,371.l.765588
483,30118,Corey Davis,O,WR,30,,371.l.765588
485,30227,Samaje Perine,O,RB,73,,371.l.765588
487,26813,Rex Burkhead,O,RB,19,,380.l.153194
489,30115,Mitch Trubisky,O,QB,77,,380.l.153194
493,30123,Patrick Mahomes,O,QB,99,,380.l.153194
495,30125,Deshaun Watson,O,QB,98,,380.l.153194
497,30153,Curtis Samuel,O,WR,41,,380.l.153194
499,30154,Dalvin Cook,O,RB,98,,380.l.153194
501,30209,Kenny Golladay,O,WR,92,,380.l.153194
503,30230,Josh Reynolds,O,WR,51,,380.l.153194
505,30259,George Kittle,O,TE,98,,380.l.153194
507,30552,Matt Breida,O,RB,82,,380.l.153194
509,30971,Baker Mayfield,O,QB,71,,380.l.153194
511,30972,Saquon Barkley,O,RB,100,,380.l.153194
513,30973,Sam Darnold,O,QB,7,,380.l.153194
515,30977,Josh Allen,O,QB,27,,380.l.153194
517,30994,DJ Moore,O,WR,76,,380.l.153194
519,30996,Calvin Ridley,O,WR,85,,380.l.153194
521,31002,Lamar Jackson,O,QB,45,,380.l.153194
523,31005,Nick Chubb,O,RB,97,,380.l.153194
525,31010,Courtland Sutton,O,WR,58,,380.l.153194
527,31014,Dante Pettis,O,WR,50,,380.l.153194
529,31017,Christian Kirk,O,WR,14,,380.l.153194
531,31041,Royce Freeman,O,RB,44,,380.l.153194
533,31075,Antonio Callaway,O,WR,27,,380.l.153194
535,31144,Marquez Valdes-Scantling,O,WR,27,,380.l.153194
537,31221,Justin Jackson,O,RB,46,,380.l.153194
539,31394,Jeff Wilson Jr.,O,RB,48,,380.l.153194
541,31424,Gus Edwards,O,RB,73,,380.l.153194
543,30197,Chris Godwin,O,WR,55,,380.l.844269
545,30295,Aaron Jones,O,RB,65,,380.l.844269
547,30423,Austin Ekeler,O,RB,62,,380.l.844269
549,26824,Ryan Griffin,O,TE,22,Q,390.l.102101
551,28414,Breshad Perriman,O,WR,68,,390.l.102101
553,28464,Chris Conley,O,WR,23,,390.l.102101
555,28592,Darren Waller,O,TE,96,Q,390.l.102101
557,28654,Raheem Mostert,O,RB,83,,390.l.102101
559,29269,Hunter Henry,O,TE,95,,390.l.102101
561,29325,Jacoby Brissett,O,QB,36,,390.l.102101
562,29441,Jeff Driskel,O,QB,2,,390.l.102101
563,30213,Jonnu Smith,O,TE,17,,390.l.102101
565,31021,Anthony Miller,O,WR,45,Q,390.l.102101
567,31031,DJ Chark,O,WR,86,,390.l.102101
569,31046,Mason Rudolph,O,QB,4,Q,390.l.102101
570,31051,Michael Gallup,O,WR,90,,390.l.102101
572,31056,Mark Andrews,O,TE,97,,390.l.102101
574,31228,Mike Boone,O,RB,64,,390.l.102101
576,31301,Kyle Allen,O,QB,16,,390.l.102101
577,31856,Josh Jacobs,O,RB,87,Q,390.l.102101
579,31857,Marquise Brown,O,WR,70,Q,390.l.102101
581,31868,Deebo Samuel,O,WR,75,,390.l.102101
583,31883,A.J. Brown,O,WR,81,,390.l.102101
585,31885,Miles Sanders,O,RB,92,Q,390.l.102101
587,31896,DK Metcalf,O,WR,88,,390.l.102101
589,31905,David Montgomery,O,RB,91,,390.l.102101
591,31906,Devin Singletary,O,RB,89,,390.l.102101
593,31908,Terry McLaurin,O,WR,78,Q,390.l.102101
595,32003,Darius Slayton,O,WR,60,,390.l.102101
597,29344,Tyler Higbee,O,TE,70,,390.l.102231
599,29390,Jonathan Williams,O,RB,24,,390.l.102231
601,30132,O.J. Howard,O,TE,45,,390.l.102231
603,30157,Gerald Everett,O,TE,29,,390.l.102231
605,30502,Zach Pascal,O,WR,39,,390.l.102231
607,30997,Rashaad Penny,O,RB,31,Q,390.l.102231
609,31008,Ronald Jones,O,RB,61,,390.l.102231
611,31019,Dallas Goedert,O,TE,61,,390.l.102231
613,31030,James Washington,O,WR,33,,390.l.102231
615,31164,Russell Gage,O,WR,9,,390.l.102231
617,31934,Alexander Mattison,O,RB,41,,390.l.102231
619,31954,Benny Snell Jr.,O,RB,29,,390.l.102231
621,32010,Gardner Minshew,O,QB,15,,390.l.102231
623,32046,Darwin Thompson,O,RB,12,,390.l.102231
625,25768,Lavonte David,DP,D,84,,399.l.522487
626,25799,Akiem Hicks,DP,D,18,,399.l.522487
627,27560,Teddy Bridgewater,O,QB,30,,399.l.522487
628,29224,Erik Harris,DP,D,5,,399.l.522487
629,29251,Keanu Neal,DP,D,30,,399.l.522487
630,29255,Will Fuller V,O,WR,31,SUSP,399.l.522487
633,29298,Kevin Byard,DP,D,36,,399.l.522487
634,29347,Nick Kwiatkoski,DP,D,25,COVID-19,399.l.522487
635,29479,Clayton Fejedelem,DP,D,0,,399.l.522487
636,30114,Myles Garrett,DP,D,53,Q,399.l.522487
637,30119,Jamal Adams,DP,D,84,Q,399.l.522487
638,30143,T.J. Watt,DP,D,56,,399.l.522487
639,30264,Desmond King II,DP,D,11,,399.l.522487
640,30278,Jamal Agnew,DP,D,16,,399.l.522487
643,31006,Shaquille Leonard,DP,D,97,,399.l.522487
646,31074,Nyheim Hines,O,RB,78,,399.l.522487
648,31122,Dane Cruikshank,DP,D,8,Q,399.l.522487
649,31480,Jason Cabinda,DP,D,0,,399.l.522487
652,31845,Christian Wilkins,DP,D,14,,399.l.522487
655,31892,Nasir Adderley,DP,D,1,,399.l.522487
656,31898,Diontae Johnson,O,WR,94,,399.l.522487
659,31960,Tony Pollard,O,RB,70,,399.l.522487
661,31971,Deionte Thompson,DP,D,0,,399.l.522487
662,32075,Nick Scott,DP,D,9,,399.l.522487
663,32671,Joe Burrow,O,QB,23,Q,399.l.522487
664,32676,Justin Herbert,O,QB,91,,399.l.522487
665,32687,CeeDee Lamb,O,WR,81,,399.l.522487
668,32692,Justin Jefferson,O,WR,96,,399.l.522487
671,32695,Brandon Aiyuk,O,WR,88,Q,399.l.522487
674,32702,Clyde Edwards-Helaire,O,RB,86,,399.l.522487
676,32703,Tee Higgins,O,WR,70,,399.l.522487
679,32705,D'Andre Swift,O,RB,95,,399.l.522487
681,32711,Jonathan Taylor,O,RB,98,,399.l.522487
683,32719,Chase Claypool,O,WR,88,,399.l.522487
686,32722,Cam Akers,O,RB,63,,399.l.522487
688,32723,Jalen Hurts,O,QB,66,,399.l.522487
689,32725,J.K. Dobbins,O,RB,91,,399.l.522487
691,32734,Jeremy Chinn,DP,D,31,,399.l.522487
692,32738,Ashtyn Davis,DP,D,0,Q,399.l.522487
693,32906,Vernon Scott,DP,D,0,,399.l.522487
694,33138,James Robinson,O,RB,87,,399.l.522487
696,27648,Logan Thomas,O,TE,77,,399.l.523631
698,30511,Tim Patrick,O,WR,28,Q,399.l.523631
700,30777,Robert Tonyan,O,TE,86,,399.l.523631
702,31874,Drew Lock,O,QB,12,,399.l.523631
704,31888,Mecole Hardman,O,WR,29,,399.l.523631
706,32018,Ty Johnson,O,RB,15,,399.l.523631
708,32231,Jakobi Meyers,O,WR,32,,399.l.523631
710,32675,Tua Tagovailoa,O,QB,21,,399.l.523631
712,33265,Salvon Ahmed,O,RB,41,,399.l.523631
714,100013,Las Vegas,DT,DEF,15,,399.l.523631
715,25881,Greg Zuerlein,K,K,92,,406.l.1273347
716,28545,C.J. Uzomah,O,TE,22,,406.l.1273347
718,30202,D'Onta Foreman,O,RB,62,,406.l.1273347
720,30346,Harrison Butker,K,K,77,,406.l.1273347
721,30614,Taysom Hill,O,QB,47,Q,406.l.1273347
722,31104,Chase Edmonds,O,RB,87,,406.l.1273347
724,31107,Dalton Schultz,O,TE,89,,406.l.1273347
726,31137,Daniel Carlson,K,K,76,,406.l.1273347
727,31500,Darrel Williams,O,RB,76,,406.l.1273347
729,31538,Greg Joseph,K,K,57,,406.l.1273347
730,31919,Damien Harris,O,RB,93,,406.l.1273347
732,31928,Dawson Knox,O,TE,85,,406.l.1273347
734,31977,Matt Gay,K,K,90,,406.l.1273347
735,31981,Hunter Renfrow,O,WR,87,,406.l.1273347
737,32704,Michael Pittman Jr.,O,WR,93,,406.l.1273347
739,32713,Cole Kmet,O,TE,31,,406.l.1273347
741,32727,Van Jefferson,O,WR,69,,406.l.1273347
743,32732,AJ Dillon,O,RB,91,Q,406.l.1273347
745,32798,Gabe Davis,O,WR,25,,406.l.1273347
747,32858,Tyler Bass,K,K,94,,406.l.1273347
748,32993,Tyler Huntley,O,QB,22,,406.l.1273347
749,33392,Kyle Pitts,O,TE,97,,406.l.1273347
751,33393,Ja'Marr Chase,O,WR,98,,406.l.1273347
753,33394,Jaylen Waddle,O,WR,94,,406.l.1273347
755,33398,DeVonta Smith,O,WR,90,,406.l.1273347
757,33412,Najee Harris,O,RB,100,,406.l.1273347
759,33415,Rashod Bateman,O,WR,36,,406.l.1273347
761,33422,Elijah Moore,O,WR,52,,406.l.1273347
763,33423,Javonte Williams,O,RB,93,,406.l.1273347
765,33443,Pat Freiermuth,O,TE,54,,406.l.1273347
767,33495,Michael Carter,O,RB,78,,406.l.1273347
769,33500,Amon-Ra St. Brown,O,WR,81,,406.l.1273347
771,33508,Rhamondre Stevenson,O,RB,59,,406.l.1273347
773,33537,Evan McPherson,K,K,28,,406.l.1273347
774,33582,Elijah Mitchell,O,RB,86,,406.l.1273347
776,33605,Khalil Herbert,O,RB,13,,406.l.1273347
778,28839,Taylor Heinicke,O,QB,23,,406.l.696126
780,30860,Dare Ogunbowale,O,RB,34,,406.l.696126
782,31127,Tyler Conklin,O,TE,40,,406.l.696126
784,31171,Boston Scott,O,RB,31,,406.l.696126
786,31268,Allen Lazard,O,WR,29,,406.l.696126
788,32843,Darnell Mooney,O,WR,74,,406.l.696126
790,32846,K.J. Osborn,O,WR,42,,406.l.696126
792,33348,Nick Westbrook-Ikhine,O,WR,15,,406.l.696126
794,33390,Zach Wilson,O,QB,8,,406.l.696126
796,33391,Trey Lance,O,QB,32,,406.l.696126
798,33399,Justin Fields,O,QB,22,,406.l.696126
800,33403,Mac Jones,O,QB,36,,406.l.696126
802,33437,Rondale Moore,O,WR,22,,406.l.696126
804,33455,Davis Mills,O,QB,5,,406.l.696126
806,26662,Geno Smith,O,QB,83,,414.l.1399238
807,27369,Brett Maher,K,K,78,,414.l.1399238
808,30150,Zay Jones,O,WR,65,,414.l.1399238
810,30426,Younghoe Koo,K,K,40,,414.l.1399238
811,32685,Jerry Jeudy,O,WR,91,,414.l.1399238
813,32756,Zack Moss,O,RB,47,,414.l.1399238
815,33389,Trevor Lawrence,O,QB,88,,414.l.1399238
816,33413,Travis Etienne Jr.,O,RB,99,,414.l.1399238
818,33798,Deon Jackson,O,RB,17,,414.l.1399238
820,33963,Drake London,O,WR,68,,414.l.1399238
822,33965,Garrett Wilson,O,WR,90,,414.l.1399238
824,33966,Chris Olave,O,WR,87,,414.l.1399238
826,33989,Christian Watson,O,WR,87,,414.l.1399238
828,33991,Breece Hall,O,RB,30,Q,414.l.1399238
830,33996,Kenneth Walker III,O,RB,96,,414.l.1399238
832,34007,George Pickens,O,WR,67,,414.l.1399238
834,34054,Brian Robinson,O,RB,79,Q,414.l.1399238
836,34063,Dameon Pierce,O,RB,64,Q,414.l.1399238
838,34088,Romeo Doubs,O,WR,21,,414.l.1399238
840,34107,Tyler Allgeier,O,RB,66,,414.l.1399238
842,34207,Isiah Pacheco,O,RB,88,,414.l.1399238
844,34344,Cameron Dicker,K,K,59,,414.l.1399238
845,34357,Zonovan Knight,O,RB,64,,414.l.1399238
847,31141,Mike White,O,QB,26,Q,414.l.709240
849,31838,Daniel Jones,O,QB,64,,414.l.709240
851,32029,Trace McSorley,O,QB,1,,414.l.709240
853,32523,Greg Dortch,O,WR,10,,414.l.709240
856,32857,Donovan Peoples-Jones,O,WR,60,,414.l.709240
859,33113,Juwan Johnson,O,TE,28,,414.l.709240
862,33514,Chuba Hubbard,O,RB,39,,414.l.709240
865,33971,Jahan Dotson,O,WR,41,,414.l.709240
868,33973,Treylon Burks,O,WR,41,,414.l.709240
871,33975,Kenny Pickett,O,QB,13,,414.l.709240
873,34019,James Cook,O,RB,55,,414.l.709240
876,34030,Desmond Ridder,O,QB,5,,414.l.709240
878,34042,Malik Willis,O,QB,2,,414.l.709240
880,34047,Rachaad White,O,RB,82,,414.l.709240
883,34087,Hassan Haskins,O,RB,17,,414.l.709240
886,34218,Brock Purdy,O,QB,45,Q,414.l.709240
642,30995,Hayden Hurst,O,W/R/T,63,,399.l.522487
645,31012,Mike Gesicki,O,W/R/T,73,,399.l.522487
651,31840,T.J. Hockenson,O,W/R/T,95,,399.l.522487
654,31852,Noah Fant,O,W/R/T,80,,399.l.522487
