team_key,name,rank,playoff_seed,outcome_totals,streak,points_for,points_against,wins,losses,ties,percentage,moves,faab_balance,league_key
175.l.580505.t.3,The Schwaggerts,1,2,"{'wins': '7', 'losses': '6', 'ties': '1', 'percentage': '.536'}","{'type': 'loss', 'value': '3'}",971.00,1013.0,7,6,1,.536,8,2,175.l.580505
175.l.580505.t.6,Free Win,2,1,"{'wins': '11', 'losses': '2', 'ties': '1', 'percentage': '.821'}","{'type': 'win', 'value': '2'}",1098.00,860.0,11,2,1,.821,31,1,175.l.580505
175.l.580505.t.2,Lukedog,3,3,"{'wins': '7', 'losses': '6', 'ties': '1', 'percentage': '.536'}","{'type': 'win', 'value': '2'}",914.00,1055.0,7,6,1,.536,36,0,175.l.580505
175.l.580505.t.5,Purple Rain,4,4,"{'wins': '5', 'losses': '8', 'ties': '1', 'percentage': '.393'}","{'type': 'loss', 'value': '2'}",964.00,1010.0,5,8,1,.393,20,1,175.l.580505
175.l.580505.t.1,Philadelphia Freedom,5,6,"{'wins': '5', 'losses': '9', 'ties': 0, 'percentage': '.357'}","{'type': 'win', 'value': '1'}",973.00,1035.0,5,9,0,.357,16,0,175.l.580505
175.l.580505.t.4,The Phenomenators,6,5,"{'wins': '5', 'losses': '9', 'ties': 0, 'percentage': '.357'}","{'type': 'loss', 'value': '1'}",1201.00,1148.0,5,9,0,.357,14,2,175.l.580505
222.l.790872.t.3,571itsgoindown,1,4,"{'wins': '6', 'losses': '6', 'ties': 0, 'percentage': '.500'}","{'type': 'loss', 'value': '4'}",1197.28,1210.6399999999999,6,6,0,.500,11,0,222.l.790872
222.l.790872.t.4,Nashville Stranglers,2,3,"{'wins': '7', 'losses': '5', 'ties': 0, 'percentage': '.583'}","{'type': 'win', 'value': '2'}",1152.02,1083.1599999999999,7,5,0,.583,19,0,222.l.790872
222.l.790872.t.6,BeadsMeOff,3,2,"{'wins': '7', 'losses': '5', 'ties': 0, 'percentage': '.583'}","{'type': 'loss', 'value': '1'}",1203.88,1112.6399999999999,7,5,0,.583,27,0,222.l.790872
222.l.790872.t.2,EveryoneIsGayButMe,4,1,"{'wins': '8', 'losses': '4', 'ties': 0, 'percentage': '.667'}","{'type': 'win', 'value': '6'}",1242.24,1139.08,8,4,0,.667,12,1,222.l.790872
222.l.790872.t.8,SuperStunnaFoSho,5,5,"{'wins': '6', 'losses': '6', 'ties': 0, 'percentage': '.500'}","{'type': 'loss', 'value': '1'}",1164.04,1163.46,6,6,0,.500,20,1,222.l.790872
222.l.790872.t.1,LiveFree or DieFavre,6,6,"{'wins': '5', 'losses': '7', 'ties': 0, 'percentage': '.417'}","{'type': 'win', 'value': '1'}",1179.06,1222.7800000000002,5,7,0,.417,14,0,222.l.790872
222.l.790872.t.5,ATL is BOSS,7,,"{'wins': '5', 'losses': '7', 'ties': 0, 'percentage': '.417'}","{'type': 'win', 'value': '1'}",1161.64,1204.92,5,7,0,.417,17,2,222.l.790872
222.l.790872.t.7,the snitch squad,8,,"{'wins': '4', 'losses': '8', 'ties': 0, 'percentage': '.333'}","{'type': 'loss', 'value': '6'}",959.96,1123.44,4,8,0,.333,7,0,222.l.790872
242.l.438659.t.3,RomoSexualTendencies,1,1,"{'wins': '11', 'losses': '2', 'ties': 0, 'percentage': '.846'}","{'type': 'win', 'value': '7'}",1299.50,1086.02,11,2,0,.846,23,0,242.l.438659
242.l.438659.t.1,It's a Vick in a box,2,2,"{'wins': '8', 'losses': '5', 'ties': 0, 'percentage': '.615'}","{'type': 'win', 'value': '4'}",1261.50,1159.56,8,5,0,.615,23,1,242.l.438659
242.l.438659.t.8,ImOnCalvinsJohnson,3,5,"{'wins': '7', 'losses': '6', 'ties': 0, 'percentage': '.538'}","{'type': 'loss', 'value': '1'}",1403.06,1345.3999999999999,7,6,0,.538,48,2,242.l.438659
242.l.438659.t.4,MyDickIsLikeSuperBig,4,6,"{'wins': '4', 'losses': '9', 'ties': 0, 'percentage': '.308'}","{'type': 'win', 'value': '1'}",1194.72,1369.6000000000001,4,9,0,.308,15,3,242.l.438659
242.l.438659.t.5,Brady Gaga,5,3,"{'wins': '8', 'losses': '5', 'ties': 0, 'percentage': '.615'}","{'type': 'loss', 'value': '3'}",1233.58,1206.52,8,5,0,.615,19,1,242.l.438659
242.l.438659.t.2,Big Ole TD's,6,4,"{'wins': '7', 'losses': '6', 'ties': 0, 'percentage': '.538'}","{'type': 'win', 'value': '3'}",1455.42,1269.02,7,6,0,.538,24,1,242.l.438659
242.l.438659.t.6,Oober Gey,7,7,"{'wins': '4', 'losses': '9', 'ties': 0, 'percentage': '.308'}","{'type': 'loss', 'value': '2'}",1119.38,1269.18,4,9,0,.308,27,0,242.l.438659
242.l.438659.t.7,BeadsMeOff,8,8,"{'wins': '3', 'losses': '10', 'ties': 0, 'percentage': '.231'}","{'type': 'loss', 'value': '6'}",1013.76,1275.6200000000001,3,10,0,.231,47,2,242.l.438659
257.l.211725.t.6,AndreHasAHuge...,1,1,"{'wins': '9', 'losses': '4', 'ties': 0, 'percentage': '.692'}","{'type': 'win', 'value': '1'}",1456.60,1285.08,9,4,0,.692,32,0,257.l.211725
257.l.211725.t.8,BeadsMeOff,2,6,"{'wins': '5', 'losses': '8', 'ties': 0, 'percentage': '.385'}","{'type': 'loss', 'value': '1'}",1194.88,1312.7200000000003,5,8,0,.385,47,1,257.l.211725
257.l.211725.t.1,andiwaslike...Julio!,3,2,"{'wins': '9', 'losses': '4', 'ties': 0, 'percentage': '.692'}","{'type': 'loss', 'value': '1'}",1338.34,1285.5400000000002,9,4,0,.692,20,1,257.l.211725
257.l.211725.t.2,ThatsWhyYourWinslow,4,5,"{'wins': '7', 'losses': '6', 'ties': 0, 'percentage': '.538'}","{'type': 'loss', 'value': '1'}",1356.58,1239.7,7,6,0,.538,33,2,257.l.211725
257.l.211725.t.4,Big Ole TD's,5,4,"{'wins': '8', 'losses': '5', 'ties': 0, 'percentage': '.615'}","{'type': 'win', 'value': '3'}",1356.72,1345.2000000000003,8,5,0,.615,19,0,257.l.211725
257.l.211725.t.5,2ManyUrkelsOnUrTeam,6,3,"{'wins': '8', 'losses': '5', 'ties': 0, 'percentage': '.615'}","{'type': 'win', 'value': '1'}",1417.46,1319.68,8,5,0,.615,29,0,257.l.211725
257.l.211725.t.7,RomoSexualTendencies,7,7,"{'wins': '4', 'losses': '9', 'ties': 0, 'percentage': '.308'}","{'type': 'win', 'value': '1'}",1246.98,1422.84,4,9,0,.308,30,1,257.l.211725
257.l.211725.t.3,Casselblanca,8,8,"{'wins': '2', 'losses': '11', 'ties': 0, 'percentage': '.154'}","{'type': 'loss', 'value': '2'}",1168.10,1324.8999999999996,2,11,0,.154,11,1,257.l.211725
273.l.324073.t.2,BeadsMeOff,1,1,"{'wins': '10', 'losses': '3', 'ties': 0, 'percentage': '.769'}","{'type': 'win', 'value': '1'}",1360.94,1216.5400000000002,10,3,0,.769,36,0,273.l.324073
273.l.324073.t.1,TheSandusky9(YrOlds),2,2,"{'wins': '9', 'losses': '4', 'ties': 0, 'percentage': '.692'}","{'type': 'win', 'value': '7'}",1307.32,1180.08,9,4,0,.692,27,4,273.l.324073
273.l.324073.t.6,Boba Fett's Bounty,3,4,"{'wins': '7', 'losses': '6', 'ties': 0, 'percentage': '.538'}","{'type': 'loss', 'value': '3'}",1288.78,1267.0800000000002,7,6,0,.538,24,1,273.l.324073
273.l.324073.t.5,AndreHasAHuge...,4,3,"{'wins': '8', 'losses': '5', 'ties': 0, 'percentage': '.615'}","{'type': 'win', 'value': '2'}",1378.50,1294.7,8,5,0,.615,21,0,273.l.324073
273.l.324073.t.8,SmittenForWitten,5,6,"{'wins': '5', 'losses': '8', 'ties': 0, 'percentage': '.385'}","{'type': 'win', 'value': '1'}",1262.70,1272.48,5,8,0,.385,21,5,273.l.324073
273.l.324073.t.3,BreesInTheTrap,6,5,"{'wins': '6', 'losses': '7', 'ties': 0, 'percentage': '.462'}","{'type': 'loss', 'value': '1'}",1255.30,1231.8400000000001,6,7,0,.462,28,2,273.l.324073
273.l.324073.t.4,Tootsie Sproles,7,8,"{'wins': '2', 'losses': '11', 'ties': 0, 'percentage': '.154'}","{'type': 'loss', 'value': '4'}",1100.16,1397.7799999999997,2,11,0,.154,25,2,273.l.324073
273.l.324073.t.7,PD3,8,7,"{'wins': '5', 'losses': '8', 'ties': 0, 'percentage': '.385'}","{'type': 'loss', 'value': '1'}",1211.40,1304.6000000000001,5,8,0,.385,36,4,273.l.324073
314.l.378899.t.3,Breezus,1,4,"{'wins': '7', 'losses': '6', 'ties': 0, 'percentage': '.538'}","{'type': 'win', 'value': '5'}",1427.34,1314.78,7,6,0,.538,17,2,314.l.378899
314.l.378899.t.6,AndreHasAHuge...,2,2,"{'wins': '8', 'losses': '5', 'ties': 0, 'percentage': '.615'}","{'type': 'win', 'value': '3'}",1378.74,1289.8400000000001,8,5,0,.615,47,1,314.l.378899
314.l.378899.t.8,2CDezNuts,3,1,"{'wins': '9', 'losses': '4', 'ties': 0, 'percentage': '.692'}","{'type': 'win', 'value': '2'}",1415.96,1259.44,9,4,0,.692,22,3,314.l.378899
314.l.378899.t.4,RG-3PO,4,6,"{'wins': '5', 'losses': '8', 'ties': 0, 'percentage': '.385'}","{'type': 'loss', 'value': '3'}",1267.86,1386.5800000000002,5,8,0,.385,18,1,314.l.378899
314.l.378899.t.2,BeadsMeOff,5,3,"{'wins': '8', 'losses': '5', 'ties': 0, 'percentage': '.615'}","{'type': 'loss', 'value': '2'}",1289.86,1174.1,8,5,0,.615,29,1,314.l.378899
314.l.378899.t.5,IBeSpeakinSwaghili,6,5,"{'wins': '7', 'losses': '6', 'ties': 0, 'percentage': '.538'}","{'type': 'loss', 'value': '1'}",1318.28,1324.0600000000002,7,6,0,.538,34,1,314.l.378899
314.l.378899.t.1,Jacquizz Stains,7,8,"{'wins': '3', 'losses': '10', 'ties': 0, 'percentage': '.231'}","{'type': 'win', 'value': '1'}",1147.32,1311.76,3,10,0,.231,28,0,314.l.378899
314.l.378899.t.7,Chalupa Batman,8,7,"{'wins': '5', 'losses': '8', 'ties': 0, 'percentage': '.385'}","{'type': 'loss', 'value': '4'}",1191.00,1375.8000000000002,5,8,0,.385,29,1,314.l.378899
331.l.329823.t.6,DEZstiny,1,3,"{'wins': '7', 'losses': '6', 'ties': 0, 'percentage': '.538'}","{'type': 'loss', 'value': '1'}",1265.36,1271.5600000000002,7,6,0,.538,38,3,331.l.329823
331.l.329823.t.5,TURN DOWN 4 WATT,2,4,"{'wins': '6', 'losses': '7', 'ties': 0, 'percentage': '.462'}","{'type': 'win', 'value': '1'}",1379.78,1339.9400000000003,6,7,0,.462,23,1,331.l.329823
331.l.329823.t.4,Breezus,3,2,"{'wins': '10', 'losses': '3', 'ties': 0, 'percentage': '.769'}","{'type': 'win', 'value': '7'}",1292.28,1160.06,10,3,0,.769,33,3,331.l.329823
331.l.329823.t.10,IBeSpeakinSwaghili,4,1,"{'wins': '12', 'losses': '1', 'ties': 0, 'percentage': '.923'}","{'type': 'win', 'value': '3'}",1454.10,1086.44,12,1,0,.923,34,3,331.l.329823
331.l.329823.t.8,TakeItToTheHauschka,5,6,"{'wins': '6', 'losses': '7', 'ties': 0, 'percentage': '.462'}","{'type': 'win', 'value': '1'}",1206.06,1242.8,6,7,0,.462,33,4,331.l.329823
331.l.329823.t.2,BeadsMeOff,6,5,"{'wins': '6', 'losses': '7', 'ties': 0, 'percentage': '.462'}","{'type': 'loss', 'value': '1'}",1243.68,1232.1200000000001,6,7,0,.462,39,6,331.l.329823
331.l.329823.t.1,It Hurts When Eifert,7,7,"{'wins': '6', 'losses': '7', 'ties': 0, 'percentage': '.462'}","{'type': 'loss', 'value': '2'}",1146.50,1170.2599999999998,6,7,0,.462,24,1,331.l.329823
331.l.329823.t.3,AndreHasAHuge...,8,9,"{'wins': '4', 'losses': '9', 'ties': 0, 'percentage': '.308'}","{'type': 'loss', 'value': '3'}",1233.42,1399.8000000000002,4,9,0,.308,20,0,331.l.329823
331.l.329823.t.7,White Cassel,9,10,"{'wins': '3', 'losses': '10', 'ties': 0, 'percentage': '.231'}","{'type': 'loss', 'value': '2'}",1187.06,1435.1599999999999,3,10,0,.231,22,0,331.l.329823
331.l.329823.t.9,CantStopWontStop,10,8,"{'wins': '5', 'losses': '8', 'ties': 0, 'percentage': '.385'}","{'type': 'win', 'value': '2'}",1086.66,1156.7599999999998,5,8,0,.385,30,1,331.l.329823
348.l.216667.t.7,Abdullah Matata,1,2,"{'wins': '9', 'losses': '4', 'ties': 0, 'percentage': '.692'}","{'type': 'win', 'value': '2'}",1257.24,1216.2600000000002,9,4,0,.692,23,5,348.l.216667
348.l.216667.t.10,IBeSpeakinSwaghili,2,1,"{'wins': '9', 'losses': '4', 'ties': 0, 'percentage': '.692'}","{'type': 'loss', 'value': '2'}",1361.94,1189.2199999999998,9,4,0,.692,50,2,348.l.216667
348.l.216667.t.2,Cooks & Books,3,3,"{'wins': '8', 'losses': '5', 'ties': 0, 'percentage': '.615'}","{'type': 'win', 'value': '2'}",1362.30,1245.0800000000002,8,5,0,.615,40,3,348.l.216667
348.l.216667.t.3,1st Back2Back,4,5,"{'wins': '8', 'losses': '5', 'ties': 0, 'percentage': '.615'}","{'type': 'win', 'value': '1'}",1211.46,1201.66,8,5,0,.615,46,2,348.l.216667
348.l.216667.t.1,JULIO! JULIO! JULIO!,5,6,"{'wins': '7', 'losses': '6', 'ties': 0, 'percentage': '.538'}","{'type': 'win', 'value': '2'}",1205.20,1224.02,7,6,0,.538,56,1,348.l.216667
348.l.216667.t.8,Breezus,6,4,"{'wins': '8', 'losses': '5', 'ties': 0, 'percentage': '.615'}","{'type': 'loss', 'value': '1'}",1266.16,1169.0800000000002,8,5,0,.615,28,2,348.l.216667
348.l.216667.t.6,CantStopWontStop,7,8,"{'wins': '4', 'losses': '9', 'ties': 0, 'percentage': '.308'}","{'type': 'win', 'value': '1'}",1275.92,1343.1800000000003,4,9,0,.308,23,1,348.l.216667
348.l.216667.t.5,Luke use the Forsett,8,7,"{'wins': '7', 'losses': '6', 'ties': 0, 'percentage': '.538'}","{'type': 'loss', 'value': '1'}",1193.52,1248.96,7,6,0,.538,33,0,348.l.216667
348.l.216667.t.4,WAIVER!!,9,10,"{'wins': '2', 'losses': '11', 'ties': 0, 'percentage': '.154'}","{'type': 'loss', 'value': '2'}",1089.74,1284.5599999999997,2,11,0,.154,24,2,348.l.216667
348.l.216667.t.9,More Than A Thielen,10,9,"{'wins': '3', 'losses': '10', 'ties': 0, 'percentage': '.231'}","{'type': 'loss', 'value': '3'}",1219.52,1320.9799999999998,3,10,0,.231,38,0,348.l.216667
359.l.287220.t.6,ForteShadesOfGrey,1,2,"{'wins': '6', 'losses': '4', 'ties': 0, 'percentage': '.600'}","{'type': 'loss', 'value': '3'}",1287.65,1102.3999999999999,6,4,0,.600,19,0,359.l.287220
359.l.287220.t.4,Edward Forte Hands,2,1,"{'wins': '9', 'losses': '1', 'ties': 0, 'percentage': '.900'}","{'type': 'win', 'value': '5'}",1139.65,969.3,9,1,0,.900,11,0,359.l.287220
359.l.287220.t.3,Danny Football,3,5,"{'wins': '5', 'losses': '5', 'ties': 0, 'percentage': '.500'}","{'type': 'win', 'value': '2'}",1139.65,1068.4,5,5,0,.500,12,0,359.l.287220
359.l.287220.t.10,Definitely Jess,4,6,"{'wins': '5', 'losses': '5', 'ties': 0, 'percentage': '.500'}","{'type': 'loss', 'value': '1'}",1060.00,1074.1499999999999,5,5,0,.500,15,0,359.l.287220
359.l.287220.t.8,throw up your X,5,4,"{'wins': '6', 'losses': '4', 'ties': 0, 'percentage': '.600'}","{'type': 'loss', 'value': '1'}",1125.70,1047.3000000000002,6,4,0,.600,17,0,359.l.287220
359.l.287220.t.1,Fear The Walking Dez,6,3,"{'wins': '6', 'losses': '4', 'ties': 0, 'percentage': '.600'}","{'type': 'win', 'value': '1'}",1161.80,1158.3999999999999,6,4,0,.600,17,0,359.l.287220
359.l.287220.t.9,MNah-MNah,7,7,"{'wins': '5', 'losses': '5', 'ties': 0, 'percentage': '.500'}","{'type': 'win', 'value': '2'}",1041.85,1071.1,5,5,0,.500,13,0,359.l.287220
359.l.287220.t.5,Los Gatos de Trueno,8,9,"{'wins': '3', 'losses': '7', 'ties': 0, 'percentage': '.300'}","{'type': 'loss', 'value': '7'}",1002.45,1042.2,3,7,0,.300,9,0,359.l.287220
359.l.287220.t.7,Rachelle's Team,9,8,"{'wins': '5', 'losses': '5', 'ties': 0, 'percentage': '.500'}","{'type': 'win', 'value': '1'}",993.60,1018.6999999999999,5,5,0,.500,1,0,359.l.287220
359.l.287220.t.2,babycakesgoingdeep,10,10,"{'wins': 0, 'losses': '10', 'ties': 0, 'percentage': '.000'}","{'type': 'loss', 'value': '10'}",689.00,1089.4,0,10,0,.000,0,0,359.l.287220
359.l.370526.t.1,UKnoNothinJonSnorlax,1,2,"{'wins': '10', 'losses': '3', 'ties': 0, 'percentage': '.769'}","{'type': 'loss', 'value': '1'}",1715.55,1542.8399999999997,10,3,0,.769,47,1,359.l.370526
359.l.370526.t.10,OBJYN,2,1,"{'wins': '10', 'losses': '3', 'ties': 0, 'percentage': '.769'}","{'type': 'loss', 'value': '1'}",1853.79,1603.02,10,3,0,.769,22,1,359.l.370526
359.l.370526.t.3,RawlDogginIt,3,4,"{'wins': '8', 'losses': '5', 'ties': 0, 'percentage': '.615'}","{'type': 'win', 'value': '4'}",1738.41,1618.07,8,5,0,.615,20,1,359.l.370526
359.l.370526.t.6,Le'Veon Bellsprout,4,3,"{'wins': '9', 'losses': '4', 'ties': 0, 'percentage': '.692'}","{'type': 'win', 'value': '1'}",1801.46,1613.72,9,4,0,.692,40,0,359.l.370526
359.l.370526.t.8,Brock and Roll,5,5,"{'wins': '8', 'losses': '5', 'ties': 0, 'percentage': '.615'}","{'type': 'win', 'value': '3'}",1621.84,1578.0900000000001,8,5,0,.615,31,0,359.l.370526
359.l.370526.t.9,Magic Skol Bus,6,6,"{'wins': '5', 'losses': '8', 'ties': 0, 'percentage': '.385'}","{'type': 'loss', 'value': '1'}",1682.75,1770.8200000000002,5,8,0,.385,32,1,359.l.370526
359.l.370526.t.2,FA-F-FOOTBALLrappin,7,9,"{'wins': '4', 'losses': '9', 'ties': 0, 'percentage': '.308'}","{'type': 'win', 'value': '1'}",1561.22,1688.8900000000003,4,9,0,.308,28,2,359.l.370526
359.l.370526.t.7,-1000 Pat,8,10,"{'wins': '1', 'losses': '12', 'ties': 0, 'percentage': '.077'}","{'type': 'loss', 'value': '3'}",1543.41,1792.9999999999998,1,12,0,.077,50,3,359.l.370526
359.l.370526.t.4,Siemian on my Gurley,9,7,"{'wins': '5', 'losses': '8', 'ties': 0, 'percentage': '.385'}","{'type': 'loss', 'value': '2'}",1476.11,1655.8000000000002,5,8,0,.385,30,0,359.l.370526
359.l.370526.t.5,CantStopWontStop,10,8,"{'wins': '5', 'losses': '8', 'ties': 0, 'percentage': '.385'}","{'type': 'win', 'value': '1'}",1471.55,1601.84,5,8,0,.385,28,3,359.l.370526
371.l.347949.t.7,BryanIsATampon,1,1,"{'wins': '10', 'losses': '3', 'ties': 0, 'percentage': '.769'}","{'type': 'win', 'value': '3'}",1741.16,1460.0599999999997,10,3,0,.769,40,3,371.l.347949
371.l.347949.t.5,CantStopWontStop,2,3,"{'wins': '9', 'losses': '4', 'ties': 0, 'percentage': '.692'}","{'type': 'win', 'value': '5'}",1608.58,1519.4099999999999,9,4,0,.692,34,3,371.l.347949
371.l.347949.t.6,Kareem'd my Pants,3,2,"{'wins': '9', 'losses': '4', 'ties': 0, 'percentage': '.692'}","{'type': 'win', 'value': '2'}",1888.10,1496.12,9,4,0,.692,59,1,371.l.347949
371.l.347949.t.3,Golladayum,4,4,"{'wins': '8', 'losses': '5', 'ties': 0, 'percentage': '.615'}","{'type': 'win', 'value': '1'}",1679.60,1595.23,8,5,0,.615,22,4,371.l.347949
371.l.347949.t.4,The Brady Bunch,5,6,"{'wins': '6', 'losses': '7', 'ties': 0, 'percentage': '.462'}","{'type': 'loss', 'value': '3'}",1569.57,1598.71,6,7,0,.462,35,2,371.l.347949
371.l.347949.t.2,Dezspacito,6,5,"{'wins': '7', 'losses': '6', 'ties': 0, 'percentage': '.538'}","{'type': 'win', 'value': '2'}",1641.94,1592.5,7,6,0,.538,37,1,371.l.347949
371.l.347949.t.9,Magic Skol Bus,7,9,"{'wins': '4', 'losses': '9', 'ties': 0, 'percentage': '.308'}","{'type': 'loss', 'value': '2'}",1553.96,1642.6399999999999,4,9,0,.308,48,3,371.l.347949
371.l.347949.t.8,Fetty Watt,8,10,"{'wins': '2', 'losses': '11', 'ties': 0, 'percentage': '.154'}","{'type': 'loss', 'value': '6'}",1393.50,1756.45,2,11,0,.154,28,2,371.l.347949
371.l.347949.t.10,The Juice Is Loose,9,8,"{'wins': '5', 'losses': '8', 'ties': 0, 'percentage': '.385'}","{'type': 'loss', 'value': '2'}",1437.41,1707.19,5,8,0,.385,30,1,371.l.347949
371.l.347949.t.1,UGotAnyGamesOnUrPhon,10,7,"{'wins': '5', 'losses': '8', 'ties': 0, 'percentage': '.385'}","{'type': 'loss', 'value': '1'}",1510.12,1655.63,5,8,0,.385,30,0,371.l.347949
371.l.765588.t.10,Definitely Jess,1,3,"{'wins': '9', 'losses': '4', 'ties': 0, 'percentage': '.692'}","{'type': 'win', 'value': '2'}",1461.90,1253.0,9,4,0,.692,27,0,371.l.765588
371.l.765588.t.1,Cooksing With Gas,2,4,"{'wins': '7', 'losses': '6', 'ties': 0, 'percentage': '.538'}","{'type': 'win', 'value': '2'}",1356.00,1235.7,7,6,0,.538,30,0,371.l.765588
371.l.765588.t.2,MakeMericaBrateAgain,3,2,"{'wins': '10', 'losses': '3', 'ties': 0, 'percentage': '.769'}","{'type': 'loss', 'value': '1'}",1445.10,1233.5500000000002,10,3,0,.769,22,0,371.l.765588
371.l.765588.t.9,MNah-MNah,4,1,"{'wins': '11', 'losses': '2', 'ties': 0, 'percentage': '.846'}","{'type': 'win', 'value': '1'}",1445.60,1295.7,11,2,0,.846,6,0,371.l.765588
371.l.765588.t.4,Edward Forte Hands,5,6,"{'wins': '6', 'losses': '7', 'ties': 0, 'percentage': '.462'}","{'type': 'win', 'value': '1'}",1385.20,1296.35,6,7,0,.462,11,0,371.l.765588
371.l.765588.t.5,Los Gatos de Trueno,6,5,"{'wins': '7', 'losses': '6', 'ties': 0, 'percentage': '.538'}","{'type': 'loss', 'value': '1'}",1276.75,1309.9499999999998,7,6,0,.538,19,0,371.l.765588
371.l.765588.t.3,Danny Football,7,7,"{'wins': '6', 'losses': '7', 'ties': 0, 'percentage': '.462'}","{'type': 'loss', 'value': '2'}",1292.15,1372.85,6,7,0,.462,19,0,371.l.765588
371.l.765588.t.6,Rachelle's Team,8,9,"{'wins': '4', 'losses': '9', 'ties': 0, 'percentage': '.308'}","{'type': 'loss', 'value': '2'}",1258.40,1367.1000000000001,4,9,0,.308,10,0,371.l.765588
371.l.765588.t.8,Dakstreet Boys,9,8,"{'wins': '5', 'losses': '8', 'ties': 0, 'percentage': '.385'}","{'type': 'win', 'value': '4'}",1296.05,1344.35,5,8,0,.385,28,0,371.l.765588
371.l.765588.t.7,throw up your X,10,10,"{'wins': 0, 'losses': '13', 'ties': 0, 'percentage': '.000'}","{'type': 'loss', 'value': '13'}",967.70,1476.3000000000002,0,13,0,.000,2,0,371.l.765588
380.l.153194.t.3,CantStopWontStop,1,5,"{'wins': '7', 'losses': '6', 'ties': 0, 'percentage': '.538'}","{'type': 'win', 'value': '4'}",1972.72,1893.14,7,6,0,.538,31,4,380.l.153194
380.l.153194.t.8,WoW,2,2,"{'wins': '9', 'losses': '4', 'ties': 0, 'percentage': '.692'}","{'type': 'loss', 'value': '3'}",2297.74,2037.7299999999998,9,4,0,.692,37,6,380.l.153194
380.l.153194.t.7,Captain Crunch,3,1,"{'wins': '10', 'losses': '3', 'ties': 0, 'percentage': '.769'}","{'type': 'win', 'value': '7'}",2224.75,2031.83,10,3,0,.769,40,2,380.l.153194
380.l.153194.t.1,TheVikingsCurse,4,6,"{'wins': '6', 'losses': '7', 'ties': 0, 'percentage': '.462'}","{'type': 'loss', 'value': '4'}",1980.09,1923.95,6,7,0,.462,18,1,380.l.153194
380.l.153194.t.9,Scott=FreeWin,5,4,"{'wins': '7', 'losses': '6', 'ties': 0, 'percentage': '.538'}","{'type': 'win', 'value': '2'}",2011.13,2034.6899999999996,7,6,0,.538,47,1,380.l.153194
380.l.153194.t.4,needeyecontact,6,3,"{'wins': '7', 'losses': '6', 'ties': 0, 'percentage': '.538'}","{'type': 'loss', 'value': '1'}",2142.29,2047.7900000000002,7,6,0,.538,30,0,380.l.153194
380.l.153194.t.5,DeshaunJJWattson,7,7,"{'wins': '6', 'losses': '7', 'ties': 0, 'percentage': '.462'}","{'type': 'win', 'value': '1'}",1950.34,2080.44,6,7,0,.462,32,1,380.l.153194
380.l.153194.t.6,KENNY G BABY,8,8,"{'wins': '6', 'losses': '7', 'ties': 0, 'percentage': '.462'}","{'type': 'loss', 'value': '1'}",1898.15,1945.7899999999995,6,7,0,.462,23,4,380.l.153194
380.l.153194.t.10,Zee-kee DoULoveMe?,9,9,"{'wins': '5', 'losses': '8', 'ties': 0, 'percentage': '.385'}","{'type': 'loss', 'value': '2'}",1852.85,2047.3999999999996,5,8,0,.385,28,1,380.l.153194
380.l.153194.t.2,Pat Actual,10,10,"{'wins': '2', 'losses': '11', 'ties': 0, 'percentage': '.154'}","{'type': 'win', 'value': '1'}",1750.30,2037.6000000000004,2,11,0,.154,28,4,380.l.153194
380.l.844269.t.1,Go Luck Yourself,1,4,"{'wins': '7', 'losses': '6', 'ties': 0, 'percentage': '.538'}","{'type': 'loss', 'value': '1'}",1749.10,1657.2,7,6,0,.538,27,2,380.l.844269
380.l.844269.t.10,MixonItUp,2,6,"{'wins': '7', 'losses': '6', 'ties': 0, 'percentage': '.538'}","{'type': 'loss', 'value': '1'}",1610.25,1573.05,7,6,0,.538,17,0,380.l.844269
380.l.844269.t.2,Danny Football,3,2,"{'wins': '9', 'losses': '4', 'ties': 0, 'percentage': '.692'}","{'type': 'loss', 'value': '1'}",1721.70,1583.1999999999998,9,4,0,.692,22,1,380.l.844269
380.l.844269.t.4,Los Gatos de Trueno,4,1,"{'wins': '10', 'losses': '3', 'ties': 0, 'percentage': '.769'}","{'type': 'win', 'value': '1'}",1929.20,1732.1999999999998,10,3,0,.769,4,0,380.l.844269
380.l.844269.t.7,In My Thielens,5,3,"{'wins': '8', 'losses': '5', 'ties': 0, 'percentage': '.615'}","{'type': 'win', 'value': '1'}",1667.50,1634.6500000000003,8,5,0,.615,12,0,380.l.844269
380.l.844269.t.5,Rachelle's Team,6,5,"{'wins': '7', 'losses': '6', 'ties': 0, 'percentage': '.538'}","{'type': 'win', 'value': '2'}",1717.50,1670.3,7,6,0,.538,2,0,380.l.844269
380.l.844269.t.9,Definitely Jess,7,10,"{'wins': '2', 'losses': '11', 'ties': 0, 'percentage': '.154'}","{'type': 'loss', 'value': '5'}",1610.35,1824.3000000000002,2,11,0,.154,42,1,380.l.844269
380.l.844269.t.8,MNah-MNah,8,9,"{'wins': '4', 'losses': '9', 'ties': 0, 'percentage': '.308'}","{'type': 'loss', 'value': '2'}",1480.50,1629.2,4,9,0,.308,10,0,380.l.844269
380.l.844269.t.6,Tripping Billies,9,7,"{'wins': '6', 'losses': '7', 'ties': 0, 'percentage': '.462'}","{'type': 'win', 'value': '3'}",1480.85,1558.95,6,7,0,.462,7,1,380.l.844269
380.l.844269.t.3,Edward Forte Hands,10,8,"{'wins': '5', 'losses': '8', 'ties': 0, 'percentage': '.385'}","{'type': 'win', 'value': '1'}",1452.60,1556.5,5,8,0,.385,10,1,380.l.844269
390.l.102101.t.3,Definitely Jess,1,1,"{'wins': '9', 'losses': '4', 'ties': 0, 'percentage': '.692'}","{'type': 'win', 'value': '5'}",1932.50,1687.65,9,4,0,.692,32,0,390.l.102101
390.l.102101.t.1,Go Luck Yourself,2,2,"{'wins': '8', 'losses': '5', 'ties': 0, 'percentage': '.615'}","{'type': 'win', 'value': '1'}",1913.05,1842.25,8,5,0,.615,28,0,390.l.102101
390.l.102101.t.5,How Andrew Lucked Me,3,5,"{'wins': '7', 'losses': '6', 'ties': 0, 'percentage': '.538'}","{'type': 'loss', 'value': '1'}",1879.75,1810.6499999999996,7,6,0,.538,19,0,390.l.102101
390.l.102101.t.6,Los Gatos de Trueno,4,3,"{'wins': '8', 'losses': '5', 'ties': 0, 'percentage': '.615'}","{'type': 'win', 'value': '1'}",1847.55,1815.1499999999996,8,5,0,.615,4,0,390.l.102101
390.l.102101.t.2,Danny Football,5,6,"{'wins': '7', 'losses': '6', 'ties': 0, 'percentage': '.538'}","{'type': 'win', 'value': '1'}",1796.95,1878.0000000000002,7,6,0,.538,26,0,390.l.102101
390.l.102101.t.7,Rollin With Mahomes,6,4,"{'wins': '7', 'losses': '6', 'ties': 0, 'percentage': '.538'}","{'type': 'win', 'value': '4'}",1991.20,1864.1500000000003,7,6,0,.538,20,0,390.l.102101
390.l.102101.t.4,Edward Forte Hands,7,7,"{'wins': '7', 'losses': '6', 'ties': 0, 'percentage': '.538'}","{'type': 'loss', 'value': '1'}",1745.55,1765.6500000000003,7,6,0,.538,13,0,390.l.102101
390.l.102101.t.10,Tripping Billies,8,9,"{'wins': '4', 'losses': '9', 'ties': 0, 'percentage': '.308'}","{'type': 'loss', 'value': '3'}",1701.70,1944.2999999999997,4,9,0,.308,11,0,390.l.102101
390.l.102101.t.8,MNah-MNah,9,8,"{'wins': '5', 'losses': '8', 'ties': 0, 'percentage': '.385'}","{'type': 'loss', 'value': '1'}",1751.25,1825.5500000000002,5,8,0,.385,13,0,390.l.102101
390.l.102101.t.9,Rachelle's Team,10,10,"{'wins': '3', 'losses': '10', 'ties': 0, 'percentage': '.231'}","{'type': 'loss', 'value': '6'}",1669.30,1795.45,3,10,0,.231,9,0,390.l.102101
390.l.102231.t.8,Brown Rehab Facility,1,2,"{'wins': '8', 'losses': '5', 'ties': 0, 'percentage': '.615'}","{'type': 'loss', 'value': '2'}",2107.81,1896.26,8,5,0,.615,42,0,390.l.102231
390.l.102231.t.3,MAGA Cracker,2,1,"{'wins': '11', 'losses': '2', 'ties': 0, 'percentage': '.846'}","{'type': 'win', 'value': '6'}",2286.88,1838.1299999999999,11,2,0,.846,37,4,390.l.102231
390.l.102231.t.9,Marquez Exxon Valdez,3,6,"{'wins': '6', 'losses': '7', 'ties': 0, 'percentage': '.462'}","{'type': 'win', 'value': '4'}",1901.55,2035.2299999999998,6,7,0,.462,54,6,390.l.102231
390.l.102231.t.10,Talented Mr. Ridley,4,5,"{'wins': '7', 'losses': '6', 'ties': 0, 'percentage': '.538'}","{'type': 'win', 'value': '2'}",1899.47,1891.95,7,6,0,.538,15,3,390.l.102231
390.l.102231.t.7,WeEatinGOOD,5,3,"{'wins': '7', 'losses': '6', 'ties': 0, 'percentage': '.538'}","{'type': 'win', 'value': '2'}",2072.04,1894.3600000000001,7,6,0,.538,33,1,390.l.102231
390.l.102231.t.4,Deez Nutz,6,4,"{'wins': '7', 'losses': '6', 'ties': 0, 'percentage': '.538'}","{'type': 'loss', 'value': '2'}",1963.06,1894.52,7,6,0,.538,22,1,390.l.102231
390.l.102231.t.1,TurnUrHead&Goff,7,7,"{'wins': '6', 'losses': '7', 'ties': 0, 'percentage': '.462'}","{'type': 'win', 'value': '2'}",1896.65,1915.5199999999998,6,7,0,.462,21,2,390.l.102231
390.l.102231.t.6,fuMinshew,8,9,"{'wins': '4', 'losses': '9', 'ties': 0, 'percentage': '.308'}","{'type': 'loss', 'value': '4'}",1898.53,2178.73,4,9,0,.308,37,2,390.l.102231
390.l.102231.t.2,FonziFonarelli,9,8,"{'wins': '6', 'losses': '7', 'ties': 0, 'percentage': '.462'}","{'type': 'loss', 'value': '2'}",1816.22,2005.48,6,7,0,.462,22,6,390.l.102231
390.l.102231.t.5,Rockin a Chubb,10,10,"{'wins': '3', 'losses': '10', 'ties': 0, 'percentage': '.231'}","{'type': 'loss', 'value': '5'}",1695.00,1987.0299999999997,3,10,0,.231,34,3,390.l.102231
399.l.522487.t.1,Go Luck Yourself,1,1,"{'wins': '5', 'losses': '1', 'ties': 0, 'percentage': '.833'}","{'type': 'loss', 'value': '1'}",864.39,758.34,5,1,0,.833,7,0,399.l.522487
399.l.522487.t.4,Edward Forte Hands,2,3,"{'wins': '3', 'losses': '3', 'ties': 0, 'percentage': '.500'}","{'type': 'loss', 'value': '3'}",866.87,733.5,3,3,0,.500,0,0,399.l.522487
399.l.522487.t.6,Los Gatos de Trueno,3,4,"{'wins': '3', 'losses': '3', 'ties': 0, 'percentage': '.500'}","{'type': 'win', 'value': '3'}",760.56,776.4300000000001,3,3,0,.500,0,0,399.l.522487
399.l.522487.t.2,Danny Football,4,2,"{'wins': '5', 'losses': '1', 'ties': 0, 'percentage': '.833'}","{'type': 'win', 'value': '3'}",861.15,713.74,5,1,0,.833,11,0,399.l.522487
399.l.522487.t.3,Definitely Jess,5,6,"{'wins': '3', 'losses': '3', 'ties': 0, 'percentage': '.500'}","{'type': 'win', 'value': '1'}",670.58,635.92,3,3,0,.500,5,0,399.l.522487
399.l.522487.t.5,How Andrew Lucked Me,6,5,"{'wins': '3', 'losses': '3', 'ties': 0, 'percentage': '.500'}","{'type': 'win', 'value': '1'}",754.31,718.96,3,3,0,.500,19,0,399.l.522487
399.l.522487.t.9,Rachelle's Team,7,7,"{'wins': '2', 'losses': '4', 'ties': 0, 'percentage': '.333'}","{'type': 'loss', 'value': '1'}",732.37,850.9900000000001,2,4,0,.333,0,0,399.l.522487
399.l.522487.t.10,Tripping Billies,8,9,"{'wins': '2', 'losses': '4', 'ties': 0, 'percentage': '.333'}","{'type': 'loss', 'value': '1'}",675.64,677.47,2,4,0,.333,0,0,399.l.522487
399.l.522487.t.7,Rollin With Mahomes,9,8,"{'wins': '2', 'losses': '4', 'ties': 0, 'percentage': '.333'}","{'type': 'loss', 'value': '3'}",700.92,784.49,2,4,0,.333,2,0,399.l.522487
399.l.522487.t.8,MNah-MNah,10,10,"{'wins': '2', 'losses': '4', 'ties': 0, 'percentage': '.333'}","{'type': 'win', 'value': '1'}",504.93,741.88,2,4,0,.333,0,0,399.l.522487
399.l.523631.t.9,Did It All 4 DiNucci,1,2,"{'wins': '9', 'losses': '4', 'ties': 0, 'percentage': '.692'}","{'type': 'win', 'value': '1'}",2137.30,1895.4900000000002,9,4,0,.692,55,2,399.l.523631
399.l.523631.t.1,2018 Pro Bowlers,2,5,"{'wins': '7', 'losses': '6', 'ties': 0, 'percentage': '.538'}","{'type': 'win', 'value': '2'}",2004.16,2111.98,7,6,0,.538,20,2,399.l.523631
399.l.523631.t.5,2 CeeDeez Nuts,3,1,"{'wins': '10', 'losses': '3', 'ties': 0, 'percentage': '.769'}","{'type': 'loss', 'value': '1'}",1994.87,1820.3700000000001,10,3,0,.769,36,2,399.l.523631
399.l.523631.t.4,Landis,4,6,"{'wins': '5', 'losses': '8', 'ties': 0, 'percentage': '.385'}","{'type': 'loss', 'value': '3'}",1938.83,2002.1499999999996,5,8,0,.385,44,1,399.l.523631
399.l.523631.t.7,WeEatinGOOD,5,4,"{'wins': '6', 'losses': '7', 'ties': 0, 'percentage': '.462'}","{'type': 'loss', 'value': '1'}",2068.66,1914.7,6,7,0,.462,55,0,399.l.523631
399.l.523631.t.2,FonziFonarelli,6,3,"{'wins': '7', 'losses': '6', 'ties': 0, 'percentage': '.538'}","{'type': 'win', 'value': '1'}",1976.36,1898.4699999999998,7,6,0,.538,30,0,399.l.523631
399.l.523631.t.3,1.25 Dick Sandwich,7,8,"{'wins': '6', 'losses': '7', 'ties': 0, 'percentage': '.462'}","{'type': 'win', 'value': '3'}",1919.62,1962.3300000000002,6,7,0,.462,35,1,399.l.523631
399.l.523631.t.8,Waiver Wire Wonders,8,10,"{'wins': '5', 'losses': '8', 'ties': 0, 'percentage': '.385'}","{'type': 'win', 'value': '1'}",1783.80,1882.69,5,8,0,.385,37,1,399.l.523631
399.l.523631.t.6,Aurturshelbysteam,9,9,"{'wins': '4', 'losses': '9', 'ties': 0, 'percentage': '.308'}","{'type': 'loss', 'value': '1'}",1811.36,2039.54,4,9,0,.308,29,1,399.l.523631
399.l.523631.t.10,JOEVID-19,10,7,"{'wins': '6', 'losses': '7', 'ties': 0, 'percentage': '.462'}","{'type': 'loss', 'value': '2'}",1931.11,2038.35,6,7,0,.462,27,2,399.l.523631
406.l.1273347.t.5,Ampipe Bulldogs,1,2,"{'wins': '9', 'losses': '6', 'ties': 0, 'percentage': '.600'}","{'type': 'win', 'value': '4'}",1817.30,1788.5399999999997,9,6,0,.600,21,0,406.l.1273347
406.l.1273347.t.6,JIM MULLAN's Superb Team,2,4,"{'wins': '9', 'losses': '6', 'ties': 0, 'percentage': '.600'}","{'type': 'loss', 'value': '1'}",1701.14,1527.1600000000003,9,6,0,.600,18,0,406.l.1273347
406.l.1273347.t.9,Team Auto Chang,3,3,"{'wins': '9', 'losses': '6', 'ties': 0, 'percentage': '.600'}","{'type': 'win', 'value': '3'}",1737.20,1606.54,9,6,0,.600,21,0,406.l.1273347
406.l.1273347.t.8,Mayor W,4,1,"{'wins': '10', 'losses': '5', 'ties': 0, 'percentage': '.667'}","{'type': 'loss', 'value': '1'}",1881.32,1627.64,10,5,0,.667,5,0,406.l.1273347
406.l.1273347.t.10,Standard Deviations,5,5,"{'wins': '7', 'losses': '8', 'ties': 0, 'percentage': '.467'}","{'type': 'loss', 'value': '2'}",1665.66,1674.7800000000004,7,8,0,.467,54,0,406.l.1273347
406.l.1273347.t.2,Southern Hospitality,6,7,"{'wins': '7', 'losses': '8', 'ties': 0, 'percentage': '.467'}","{'type': 'win', 'value': '1'}",1638.20,1673.7,7,8,0,.467,33,0,406.l.1273347
406.l.1273347.t.4,2nd TO NONE!,7,8,"{'wins': '7', 'losses': '8', 'ties': 0, 'percentage': '.467'}","{'type': 'win', 'value': '1'}",1493.54,1573.32,7,8,0,.467,6,0,406.l.1273347
406.l.1273347.t.1,Free Smoke ðŸ’¨,8,6,"{'wins': '7', 'losses': '8', 'ties': 0, 'percentage': '.467'}","{'type': 'win', 'value': '1'}",1642.36,1708.7,7,8,0,.467,15,0,406.l.1273347
406.l.1273347.t.7,Minutemen,9,,"{'wins': '6', 'losses': '9', 'ties': 0, 'percentage': '.400'}","{'type': 'loss', 'value': '3'}",1635.12,1771.5800000000002,6,9,0,.400,44,0,406.l.1273347
406.l.1273347.t.3,Bad Attitudes,10,,"{'wins': '4', 'losses': '11', 'ties': 0, 'percentage': '.267'}","{'type': 'loss', 'value': '1'}",1424.28,1684.1599999999996,4,11,0,.267,16,0,406.l.1273347
406.l.622085.t.1,Go Luck Yourself,,,"{'wins': 0, 'losses': 0, 'ties': 0, 'percentage': ''}",,0,0.0,0,0,0,,0,0,406.l.622085
406.l.622085.t.2,Danny Football,,,"{'wins': 0, 'losses': 0, 'ties': 0, 'percentage': ''}",,0,0.0,0,0,0,,0,0,406.l.622085
406.l.622085.t.3,Definitely Jess,,,"{'wins': 0, 'losses': 0, 'ties': 0, 'percentage': ''}",,0,0.0,0,0,0,,0,0,406.l.622085
406.l.622085.t.4,Edward Forte Hands,,,"{'wins': 0, 'losses': 0, 'ties': 0, 'percentage': ''}",,0,0.0,0,0,0,,0,0,406.l.622085
406.l.622085.t.5,How Andrew Lucked Me,,,"{'wins': 0, 'losses': 0, 'ties': 0, 'percentage': ''}",,0,0.0,0,0,0,,0,0,406.l.622085
406.l.622085.t.6,Los Gatos de Trueno,,,"{'wins': 0, 'losses': 0, 'ties': 0, 'percentage': ''}",,0,0.0,0,0,0,,0,0,406.l.622085
406.l.622085.t.7,Rollin With Mahomes,,,"{'wins': 0, 'losses': 0, 'ties': 0, 'percentage': ''}",,0,0.0,0,0,0,,0,0,406.l.622085
406.l.622085.t.8,MNah-MNah,,,"{'wins': 0, 'losses': 0, 'ties': 0, 'percentage': ''}",,0,0.0,0,0,0,,0,0,406.l.622085
406.l.622085.t.9,Rachelle's Team,,,"{'wins': 0, 'losses': 0, 'ties': 0, 'percentage': ''}",,0,0.0,0,0,0,,0,0,406.l.622085
406.l.622085.t.10,Tripping Billies,,,"{'wins': 0, 'losses': 0, 'ties': 0, 'percentage': ''}",,0,0.0,0,0,0,,0,0,406.l.622085
406.l.696126.t.8,2 Packers 1 Kupp,1,6,"{'wins': '6', 'losses': '8', 'ties': 0, 'percentage': '.429'}","{'type': 'win', 'value': '1'}",2282.83,2203.35,6,8,0,.429,35,4,406.l.696126
406.l.696126.t.9,Where Mahomes At?,2,4,"{'wins': '8', 'losses': '6', 'ties': 0, 'percentage': '.571'}","{'type': 'win', 'value': '1'}",2206.39,2141.13,8,6,0,.571,42,3,406.l.696126
406.l.696126.t.4,Slaw Bunnies,3,1,"{'wins': '10', 'losses': '4', 'ties': 0, 'percentage': '.714'}","{'type': 'win', 'value': '3'}",2246.65,1957.8100000000004,10,4,0,.714,37,0,406.l.696126
406.l.696126.t.7,2ManyUrklesOnYourTeam,4,2,"{'wins': '10', 'losses': '4', 'ties': 0, 'percentage': '.714'}","{'type': 'loss', 'value': '1'}",2213.85,1885.9800000000002,10,4,0,.714,25,0,406.l.696126
406.l.696126.t.2,FonziFonarelli,5,3,"{'wins': '9', 'losses': '5', 'ties': 0, 'percentage': '.643'}","{'type': 'win', 'value': '1'}",2144.54,2015.1599999999999,9,5,0,.643,46,0,406.l.696126
406.l.696126.t.6,Najee moma,6,5,"{'wins': '7', 'losses': '7', 'ties': 0, 'percentage': '.500'}","{'type': 'loss', 'value': '1'}",2022.51,2232.0,7,7,0,.500,34,1,406.l.696126
406.l.696126.t.10,Hunt Fournette October,7,8,"{'wins': '5', 'losses': '9', 'ties': 0, 'percentage': '.357'}","{'type': 'loss', 'value': '2'}",1967.75,2152.7700000000004,5,9,0,.357,40,2,406.l.696126
406.l.696126.t.5,Shooting For 1st,8,10,"{'wins': '4', 'losses': '10', 'ties': 0, 'percentage': '.286'}","{'type': 'loss', 'value': '1'}",1836.99,2048.02,4,10,0,.286,29,4,406.l.696126
406.l.696126.t.3,Hot Freshman RBs,9,9,"{'wins': '4', 'losses': '10', 'ties': 0, 'percentage': '.286'}","{'type': 'win', 'value': '2'}",2002.98,2148.28,4,10,0,.286,40,4,406.l.696126
406.l.696126.t.1,Unsolicited Dak pix,10,7,"{'wins': '7', 'losses': '7', 'ties': 0, 'percentage': '.500'}","{'type': 'loss', 'value': '3'}",1990.30,2130.29,7,7,0,.500,44,0,406.l.696126
414.l.1399238.t.2,matt's Excellent Team,1,3,"{'wins': '11', 'losses': '4', 'ties': 0, 'percentage': '.733'}","{'type': 'win', 'value': '2'}",1629.60,1425.3,11,4,0,.733,34,0,414.l.1399238
414.l.1399238.t.10,David's Dazzling Team,2,4,"{'wins': '8', 'losses': '7', 'ties': 0, 'percentage': '.533'}","{'type': 'win', 'value': '1'}",1337.38,1399.42,8,7,0,.533,1,0,414.l.1399238
414.l.1399238.t.8,G.'s Awesome Team,3,2,"{'wins': '12', 'losses': '3', 'ties': 0, 'percentage': '.800'}","{'type': 'win', 'value': '2'}",1662.40,1470.5,12,3,0,.800,1,0,414.l.1399238
414.l.1399238.t.7,Raptors's Brilliant Team,4,1,"{'wins': '12', 'losses': '3', 'ties': 0, 'percentage': '.800'}","{'type': 'win', 'value': '4'}",1716.68,1360.2600000000002,12,3,0,.800,7,0,414.l.1399238
414.l.1399238.t.1,the's Tip-Top Team,5,8,"{'wins': '5', 'losses': '10', 'ties': 0, 'percentage': '.333'}","{'type': 'loss', 'value': '3'}",1520.64,1673.42,5,10,0,.333,0,0,414.l.1399238
414.l.1399238.t.3,Ben's Boss Team,6,7,"{'wins': '7', 'losses': '8', 'ties': 0, 'percentage': '.467'}","{'type': 'win', 'value': '6'}",1410.18,1468.76,7,8,0,.467,3,0,414.l.1399238
414.l.1399238.t.6,Craig's Champion Team,7,5,"{'wins': '7', 'losses': '8', 'ties': 0, 'percentage': '.467'}","{'type': 'loss', 'value': '1'}",1587.82,1474.6200000000001,7,8,0,.467,3,0,414.l.1399238
414.l.1399238.t.9,Standard Deviations,8,6,"{'wins': '7', 'losses': '8', 'ties': 0, 'percentage': '.467'}","{'type': 'loss', 'value': '2'}",1507.28,1510.56,7,8,0,.467,11,0,414.l.1399238
414.l.1399238.t.4,Erik Justesen's Boss Team,9,,"{'wins': '3', 'losses': '12', 'ties': 0, 'percentage': '.200'}","{'type': 'loss', 'value': '2'}",1370.10,1657.0600000000002,3,12,0,.200,5,0,414.l.1399238
414.l.1399238.t.5,Josimar's Splendid Team,10,,"{'wins': '3', 'losses': '12', 'ties': 0, 'percentage': '.200'}","{'type': 'loss', 'value': '2'}",1276.08,1578.2599999999998,3,12,0,.200,0,0,414.l.1399238
414.l.438249.t.1,Go Luck Yourself,,,"{'wins': 0, 'losses': 0, 'ties': 0, 'percentage': ''}",,0,0.0,0,0,0,,0,0,414.l.438249
414.l.438249.t.2,Danny Football,,,"{'wins': 0, 'losses': 0, 'ties': 0, 'percentage': ''}",,0,0.0,0,0,0,,0,0,414.l.438249
414.l.438249.t.3,Definitely Jess,,,"{'wins': 0, 'losses': 0, 'ties': 0, 'percentage': ''}",,0,0.0,0,0,0,,0,0,414.l.438249
414.l.438249.t.4,Edward Forte Hands,,,"{'wins': 0, 'losses': 0, 'ties': 0, 'percentage': ''}",,0,0.0,0,0,0,,0,0,414.l.438249
414.l.438249.t.6,Los Gatos de Trueno,,,"{'wins': 0, 'losses': 0, 'ties': 0, 'percentage': ''}",,0,0.0,0,0,0,,0,0,414.l.438249
414.l.438249.t.7,Rollin With Mahomes,,,"{'wins': 0, 'losses': 0, 'ties': 0, 'percentage': ''}",,0,0.0,0,0,0,,0,0,414.l.438249
414.l.438249.t.8,MNah-MNah,,,"{'wins': 0, 'losses': 0, 'ties': 0, 'percentage': ''}",,0,0.0,0,0,0,,0,0,414.l.438249
414.l.438249.t.9,Rachelle's Team,,,"{'wins': 0, 'losses': 0, 'ties': 0, 'percentage': ''}",,0,0.0,0,0,0,,0,0,414.l.438249
414.l.438249.t.10,Tripping Billies,,,"{'wins': 0, 'losses': 0, 'ties': 0, 'percentage': ''}",,0,0.0,0,0,0,,0,0,414.l.438249
414.l.709240.t.1,Unsolicited Dak pix,1,3,"{'wins': '9', 'losses': '5', 'ties': 0, 'percentage': '.643'}","{'type': 'win', 'value': '1'}",2341.75,2119.5,9,5,0,.643,7,2,414.l.709240
414.l.709240.t.9,Book of Moremoms,2,4,"{'wins': '8', 'losses': '6', 'ties': 0, 'percentage': '.571'}","{'type': 'win', 'value': '3'}",2378.20,2147.6299999999997,8,6,0,.571,15,0,414.l.709240
414.l.709240.t.10,Fresh Princ(ess) of Helaire,3,2,"{'wins': '11', 'losses': '3', 'ties': 0, 'percentage': '.786'}","{'type': 'loss', 'value': '1'}",2298.28,2015.5899999999997,11,3,0,.786,10,2,414.l.709240
414.l.709240.t.7,2ManyUrklesOnYourTeam,4,1,"{'wins': '11', 'losses': '3', 'ties': 0, 'percentage': '.786'}","{'type': 'win', 'value': '3'}",2413.74,2098.6600000000003,11,3,0,.786,18,2,414.l.709240
414.l.709240.t.6,Herbie and the Homeboy,5,6,"{'wins': '6', 'losses': '8', 'ties': 0, 'percentage': '.429'}","{'type': 'loss', 'value': '2'}",2171.05,2256.5100000000007,6,8,0,.429,9,1,414.l.709240
414.l.709240.t.3,Hurts is hurt,6,5,"{'wins': '8', 'losses': '6', 'ties': 0, 'percentage': '.571'}","{'type': 'loss', 'value': '1'}",2260.12,2193.3,8,6,0,.571,11,3,414.l.709240
414.l.709240.t.2,FonziFonarelli,7,9,"{'wins': '4', 'losses': '10', 'ties': 0, 'percentage': '.286'}","{'type': 'loss', 'value': '3'}",1918.29,2158.94,4,10,0,.286,21,1,414.l.709240
414.l.709240.t.5,DangerBust Wilson,8,10,"{'wins': '3', 'losses': '11', 'ties': 0, 'percentage': '.214'}","{'type': 'win', 'value': '2'}",1997.32,2274.0299999999997,3,11,0,.214,0,2,414.l.709240
414.l.709240.t.8,QB Hospice,9,7,"{'wins': '6', 'losses': '8', 'ties': 0, 'percentage': '.429'}","{'type': 'win', 'value': '1'}",2074.86,2195.31,6,8,0,.429,16,0,414.l.709240
414.l.709240.t.4,Slaw Bunnies,10,8,"{'wins': '4', 'losses': '10', 'ties': 0, 'percentage': '.286'}","{'type': 'loss', 'value': '4'}",2064.00,2458.14,4,10,0,.286,11,1,414.l.709240
